,timestamp,open,high,low,close,volume
1365,2021-01-08,0.32389,0.3467,0.28487,0.32032,2029015562.5
1366,2021-01-09,0.32049,0.3395,0.30523,0.32419,1177910308.9
1367,2021-01-10,0.32419,0.368,0.28708,0.31491,1717325406.4
1368,2021-01-11,0.31487,0.31627,0.25343,0.28743,1978427132.4
1369,2021-01-12,0.28742,0.31003,0.27743,0.29254,1100343591.0
1370,2021-01-13,0.29241,0.31,0.2848,0.30582,764981853.9
1371,2021-01-14,0.3057,0.309,0.28334,0.29642,887903603.5
1372,2021-01-15,0.29648,0.30337,0.261,0.27991,844991903.5
1373,2021-01-16,0.27987,0.29666,0.27503,0.27924,749907244.4
1374,2021-01-17,0.2792,0.28572,0.26846,0.27746,543053977.8
1375,2021-01-18,0.27741,0.28875,0.27144,0.28528,536544377.1
1376,2021-01-19,0.28529,0.33,0.28396,0.29396,1267033309.6
1377,2021-01-20,0.29395,0.31184,0.28,0.29539,850365454.5
1378,2021-01-21,0.29553,0.30797,0.25992,0.26802,921433965.4
1379,2021-01-22,0.26786,0.27826,0.24021,0.27217,799861140.3
1380,2021-01-23,0.27216,0.28356,0.26545,0.27167,446546595.4
1381,2021-01-24,0.27169,0.27798,0.26804,0.27339,353391385.9
1382,2021-01-25,0.27335,0.285,0.26679,0.26757,483145818.4
1383,2021-01-26,0.26751,0.27095,0.258,0.26834,383692292.1
1384,2021-01-27,0.26837,0.26871,0.24388,0.25039,468085255.1
1385,2021-01-28,0.25058,0.27,0.24699,0.26407,496218434.0
1386,2021-01-29,0.26413,0.31724,0.25915,0.2829,1695844598.8
1387,2021-01-30,0.2829,0.5178,0.278,0.44372,5872830448.0
1388,2021-01-31,0.44369,0.51,0.385,0.49507,4524657686.8
1389,2021-02-01,0.49516,0.755,0.35928,0.37106,8608358082.6
1390,2021-02-02,0.37123,0.41123,0.3401,0.37254,2091912007.8
1391,2021-02-03,0.37254,0.419,0.37254,0.39721,1388316884.0
1392,2021-02-04,0.39721,0.48159,0.37885,0.44545,2283530912.6
1393,2021-02-05,0.44535,0.47222,0.4241,0.45219,1545115910.3
1394,2021-02-06,0.45195,0.45688,0.42,0.44307,875771045.9
1395,2021-02-07,0.44307,0.45089,0.39123,0.41849,1141620049.1
1396,2021-02-08,0.41848,0.4692,0.4125,0.45099,1149266957.3
1397,2021-02-09,0.45098,0.49,0.44901,0.47636,1273716203.3
1398,2021-02-10,0.47637,0.54224,0.45,0.50429,2024774430.6
1399,2021-02-11,0.50422,0.53545,0.49982,0.52806,961402272.2
1400,2021-02-12,0.52824,0.61922,0.51871,0.609,1672053608.3
1401,2021-02-13,0.609,0.64244,0.54306,0.63309,1595483419.3
1402,2021-02-14,0.63309,0.63981,0.56111,0.59211,1010016902.3
1403,2021-02-15,0.59217,0.6043,0.50891,0.54976,1222510382.9
1404,2021-02-16,0.54987,0.58005,0.48111,0.51995,1153641290.1
1405,2021-02-17,0.5198,0.55751,0.49336,0.53467,908599648.5
1406,2021-02-18,0.5346,0.55995,0.51901,0.53204,761631484.1
1407,2021-02-19,0.53217,0.58195,0.5131,0.56465,1130348604.3
1408,2021-02-20,0.56478,0.58235,0.47231,0.51167,1247480282.2
1409,2021-02-21,0.5115,0.55858,0.50311,0.54468,1017475385.1
1410,2021-02-22,0.54468,0.65155,0.51,0.56646,3572076523.4
1411,2021-02-23,0.56637,0.57172,0.365,0.47579,2563543339.6
1412,2021-02-24,0.4758,0.49999,0.4512,0.4686,984714285.4
1413,2021-02-25,0.46864,0.48233,0.4244,0.43601,709823716.2
1414,2021-02-26,0.43599,0.45067,0.41111,0.42788,908467259.5
1415,2021-02-27,0.42794,0.45945,0.42681,0.43589,612147484.8
1416,2021-02-28,0.43586,0.43876,0.39268,0.41565,674797992.8
1417,2021-03-01,0.4157,0.454,0.41207,0.44537,600649056.6
1418,2021-03-02,0.44537,0.45532,0.42159,0.4357,645438020.0
1419,2021-03-03,0.43572,0.46869,0.43011,0.44846,642007609.0
1420,2021-03-04,0.44841,0.49449,0.43411,0.48096,1244989352.0
1421,2021-03-05,0.4812,0.48488,0.44575,0.45457,751282004.7
1422,2021-03-06,0.45441,0.4765,0.44901,0.46285,365972027.5
1423,2021-03-07,0.46292,0.4689,0.45641,0.46558,325973214.9
1424,2021-03-08,0.46579,0.48987,0.45505,0.47412,680852595.9
1425,2021-03-09,0.47413,0.48736,0.471,0.4849,495494329.0
1426,2021-03-10,0.48481,0.4887,0.4545,0.46155,597205849.7
1427,2021-03-11,0.4617,0.46427,0.44058,0.45187,535040848.2
1428,2021-03-12,0.45187,0.46488,0.42205,0.43934,665250842.7
1429,2021-03-13,0.43934,0.46646,0.43205,0.45787,547809975.2
1430,2021-03-14,0.45786,0.46155,0.43857,0.43905,415693265.6
1431,2021-03-15,0.439,0.44815,0.42268,0.43574,531041051.9
1432,2021-03-16,0.43566,0.52221,0.42723,0.46024,1446818353.8
1433,2021-03-17,0.46037,0.48245,0.45317,0.4698,564997453.7
1434,2021-03-18,0.46993,0.4905,0.46558,0.46893,555296456.6
1435,2021-03-19,0.46899,0.47536,0.45848,0.46651,336947303.5
1436,2021-03-20,0.4665,0.54999,0.46424,0.52613,1164006494.7
1437,2021-03-21,0.52584,0.54691,0.49508,0.51651,879573341.3
1438,2021-03-22,0.51661,0.6,0.50082,0.5441,1648699048.0
1439,2021-03-23,0.54403,0.59638,0.5378,0.5498,1094151403.3
1440,2021-03-24,0.54945,0.56302,0.45212,0.48021,894167588.1
1441,2021-03-25,0.48022,0.5248,0.454,0.51058,914285330.6
1442,2021-03-26,0.51034,0.57689,0.50999,0.56357,737749968.5
1443,2021-03-27,0.56348,0.57464,0.5342,0.54752,455498717.7
1444,2021-03-28,0.54735,0.56075,0.53879,0.54552,341522011.5
1445,2021-03-29,0.5455,0.57082,0.54317,0.56538,534252547.3
1446,2021-03-30,0.56528,0.588,0.55903,0.5621,574769642.5
1447,2021-03-31,0.56207,0.57682,0.52624,0.56982,666984204.3
1448,2021-04-01,0.5698,0.59555,0.54864,0.57087,710919375.0
1449,2021-04-02,0.57061,0.61,0.56522,0.60701,800475396.4
1450,2021-04-03,0.60701,0.64262,0.573,0.57831,991064844.8
1451,2021-04-04,0.57836,0.63599,0.56591,0.635,664457346.2
1452,2021-04-05,0.63501,0.93999,0.6194,0.91584,3325470561.47
1453,2021-04-06,0.91584,1.119,0.7931,1.09663,4053245753.09
1454,2021-04-07,1.09666,1.10882,0.856,0.91542,2128341583.9
1455,2021-04-08,0.91544,1.07294,0.90128,1.05599,1232242484.4
1456,2021-04-09,1.05571,1.0849,0.9808,1.01721,964539570.1
1457,2021-04-10,1.01754,1.399,1.00617,1.3728,2713439019.68
1458,2021-04-11,1.37215,1.5,1.305,1.35118,1972667902.4
1459,2021-04-12,1.35118,1.475,1.31804,1.46843,1129501823.8
1460,2021-04-13,1.4685,1.88888,1.41778,1.79611,2515240116.42
1461,2021-04-14,1.79607,1.96689,1.56001,1.83468,2119704174.5
1462,2021-04-15,1.83396,1.885,1.65243,1.75781,1124377879.6
1463,2021-04-16,1.75781,1.81041,1.42,1.54805,1805450664.8
1464,2021-04-17,1.54805,1.74163,1.52991,1.53896,1108826379.5
1465,2021-04-18,1.53988,1.56505,1.16,1.40797,2048345301.6
1466,2021-04-19,1.40797,1.5339,1.251,1.30945,1608073829.4
1467,2021-04-20,1.30941,1.44796,1.18,1.38501,1522196293.5
1468,2021-04-21,1.385,1.4645,1.27545,1.29097,1301403506.4
1469,2021-04-22,1.2911,1.41947,1.0859,1.15489,1771540957.6
1470,2021-04-23,1.15489,1.19724,0.88601,1.17073,2651341963.5
1471,2021-04-24,1.17019,1.172,1.01753,1.04833,1120813592.2
1472,2021-04-25,1.04971,1.156,0.9418,1.0351,1026066203.52
1473,2021-04-26,1.0353,1.375,1.0133,1.3629,1871916062.93
1474,2021-04-27,1.3629,1.462,1.3284,1.4017,1510880106.82
1475,2021-04-28,1.4017,1.4492,1.2814,1.3576,1092879174.17
1476,2021-04-29,1.3576,1.42,1.3263,1.3978,824625421.08
1477,2021-04-30,1.3978,1.6397,1.3745,1.5988,1429394131.02
1478,2021-05-01,1.5989,1.6666,1.5226,1.651,701328204.71
1479,2021-05-02,1.651,1.658,1.525,1.5605,602425194.39
1480,2021-05-03,1.5605,1.6216,1.47,1.5546,670988111.68
1481,2021-05-04,1.5546,1.558,1.32,1.3877,1375223308.72
1482,2021-05-05,1.3878,1.624,1.366,1.6133,1261641294.96
1483,2021-05-06,1.6137,1.7658,1.521,1.6028,1507415092.61
1484,2021-05-07,1.6028,1.695,1.505,1.5793,894697893.67
1485,2021-05-08,1.5795,1.6277,1.5404,1.5611,514586255.38
1486,2021-05-09,1.5611,1.5968,1.4249,1.5345,726954201.32
1487,2021-05-10,1.5343,1.627,1.214,1.3906,1154086820.05
1488,2021-05-11,1.391,1.4905,1.3555,1.4786,724101053.89
1489,2021-05-12,1.4788,1.547,1.235,1.2691,1028881609.0
1490,2021-05-13,1.269,1.389,1.2,1.364,1308704814.37
1491,2021-05-14,1.3644,1.4488,1.321,1.4,772801586.76
1492,2021-05-15,1.3998,1.5869,1.3211,1.4904,1495464769.52
1493,2021-05-16,1.4911,1.6131,1.3373,1.4496,1498147985.65
1494,2021-05-17,1.4496,1.565,1.3242,1.4946,1560737399.7
1495,2021-05-18,1.4952,1.705,1.4698,1.5889,1813933407.63
1496,2021-05-19,1.5893,1.6448,0.85,1.0568,3180237280.29
1497,2021-05-20,1.0565,1.2664,0.9,1.1795,1974341688.46
1498,2021-05-21,1.1802,1.2194,0.8641,1.0062,1813489499.17
1499,2021-05-22,1.0062,1.0162,0.816,0.9052,1478148766.91
1500,2021-05-23,0.9052,0.9679,0.65,0.7898,1976494217.2
1501,2021-05-24,0.7899,0.997,0.7537,0.993,1613054853.94
1502,2021-05-25,0.9934,1.07,0.8791,0.9746,1654728049.91
1503,2021-05-26,0.9747,1.0698,0.9461,1.0316,1160288119.63
1504,2021-05-27,1.0316,1.0423,0.9322,0.9747,997129594.42
1505,2021-05-28,0.9747,0.9847,0.8445,0.8985,1220369622.06
1506,2021-05-29,0.8985,0.9413,0.7911,0.8318,980984330.42
1507,2021-05-30,0.8319,0.9337,0.7974,0.9058,837581783.3
1508,2021-05-31,0.9058,1.0495,0.8789,1.0409,1221688769.45
1509,2021-06-01,1.0409,1.1,0.9742,1.0108,1130390772.85
1510,2021-06-02,1.0108,1.0498,0.9793,1.0241,673790276.52
1511,2021-06-03,1.0241,1.0789,1.0069,1.045,701176435.11
1512,2021-06-04,1.0453,1.0466,0.9156,0.9683,814525376.26
1513,2021-06-05,0.9683,0.9973,0.8921,0.923,621966894.8
1514,2021-06-06,0.923,0.9493,0.917,0.947,395443235.74
1515,2021-06-07,0.9469,0.976,0.838,0.8618,673906993.46
1516,2021-06-08,0.8619,0.8861,0.7838,0.8731,989287175.65
1517,2021-06-09,0.873,0.9218,0.83,0.9218,798994471.7
1518,2021-06-10,0.9218,0.9298,0.8522,0.8686,592646634.43
1519,2021-06-11,0.8686,0.88,0.8335,0.8471,384826199.07
1520,2021-06-12,0.8469,0.8479,0.8054,0.8326,375425465.13
1521,2021-06-13,0.8325,0.8883,0.817,0.8832,344882480.06
1522,2021-06-14,0.8833,0.93,0.8628,0.8906,441724628.58
1523,2021-06-15,0.8905,0.9017,0.8551,0.8663,367733719.97
1524,2021-06-16,0.8663,0.8733,0.8259,0.832,380134518.73
1525,2021-06-17,0.8319,0.8612,0.8234,0.8419,315642616.21
1526,2021-06-18,0.8419,0.845,0.7687,0.7972,389494745.89
1527,2021-06-19,0.7971,0.8055,0.7557,0.7582,317290687.13
1528,2021-06-20,0.7583,0.785,0.6968,0.7741,589364804.52
1529,2021-06-21,0.7741,0.7803,0.6037,0.6067,1073284195.87
1530,2021-06-22,0.6068,0.65,0.509,0.5468,1611548012.73
1531,2021-06-23,0.5468,0.6655,0.5203,0.6383,1167774271.66
1532,2021-06-24,0.6383,0.6928,0.6163,0.6731,633338243.16
1533,2021-06-25,0.6731,0.6889,0.6019,0.6111,795450033.45
1534,2021-06-26,0.611,0.6329,0.5814,0.6162,548990505.59
1535,2021-06-27,0.6163,0.6523,0.5963,0.6484,472483880.77
1536,2021-06-28,0.6483,0.6583,0.6238,0.6444,460033268.3
1537,2021-06-29,0.6444,0.734,0.6417,0.7063,718445315.27
1538,2021-06-30,0.7062,0.7145,0.6477,0.7063,634287485.15
1539,2021-07-01,0.7062,0.7064,0.644,0.6591,463328799.28
1540,2021-07-02,0.6592,0.6676,0.6329,0.6556,387562387.59
1541,2021-07-03,0.6557,0.6849,0.6433,0.6732,329367273.74
1542,2021-07-04,0.6733,0.7091,0.6655,0.696,334071078.78
1543,2021-07-05,0.696,0.697,0.6444,0.6526,407839477.88
1544,2021-07-06,0.6526,0.68,0.6511,0.6648,356111895.89
1545,2021-07-07,0.6648,0.674,0.65,0.6522,284356433.42
1546,2021-07-08,0.6521,0.6545,0.6108,0.6215,430925669.18
1547,2021-07-09,0.6214,0.6457,0.5917,0.6369,358836803.69
1548,2021-07-10,0.6369,0.6489,0.612,0.6246,279711260.06
1549,2021-07-11,0.6246,0.6449,0.6169,0.6364,201320995.42
1550,2021-07-12,0.6363,0.6575,0.6172,0.6288,356848391.96
1551,2021-07-13,0.6288,0.6426,0.6086,0.6192,315648113.8
1552,2021-07-14,0.6193,0.625,0.5851,0.6197,352306488.76
1553,2021-07-15,0.6196,0.6269,0.5874,0.5979,339655984.05
1554,2021-07-16,0.5979,0.6211,0.5874,0.5893,282511701.89
1555,2021-07-17,0.5893,0.5977,0.56,0.5821,263418042.14
1556,2021-07-18,0.5822,0.6016,0.571,0.5866,241849135.65
1557,2021-07-19,0.5867,0.5889,0.5533,0.557,294780945.07
1558,2021-07-20,0.557,0.5699,0.5157,0.5284,393704657.61
1559,2021-07-21,0.5284,0.584,0.5193,0.5719,493423679.61
1560,2021-07-22,0.5718,0.6033,0.5609,0.592,409238764.36
1561,2021-07-23,0.592,0.6101,0.5753,0.6091,359561806.43
1562,2021-07-24,0.6092,0.6205,0.5996,0.6085,319684922.3
1563,2021-07-25,0.6085,0.6118,0.5906,0.6069,259034501.15
1564,2021-07-26,0.6069,0.6793,0.6048,0.6234,803413949.18
1565,2021-07-27,0.6234,0.6528,0.6121,0.6451,427078091.95
1566,2021-07-28,0.645,0.7549,0.6308,0.7327,1172622702.04
1567,2021-07-29,0.7327,0.7665,0.697,0.7488,513356476.87
1568,2021-07-30,0.7488,0.7697,0.7115,0.7521,604445794.9
1569,2021-07-31,0.7522,0.7591,0.7367,0.746,377281828.25
1570,2021-08-01,0.7461,0.7778,0.7042,0.7242,469477766.36
1571,2021-08-02,0.7242,0.774,0.715,0.738,410656081.94
1572,2021-08-03,0.738,0.745,0.7008,0.7136,398158150.61
1573,2021-08-04,0.7136,0.7398,0.6952,0.731,330543019.03
1574,2021-08-05,0.731,0.7389,0.701,0.7327,331894003.59
1575,2021-08-06,0.7327,0.753,0.7219,0.7474,304988991.92
1576,2021-08-07,0.7474,0.8189,0.7411,0.8162,589624594.72
1577,2021-08-08,0.8163,0.8413,0.7717,0.7788,556138875.77
1578,2021-08-09,0.7788,0.8279,0.7596,0.817,474908832.08
1579,2021-08-10,0.8169,0.8622,0.8,0.8511,503252613.21
1580,2021-08-11,0.8511,1.0906,0.848,1.0105,1131344973.99
1581,2021-08-12,1.0106,1.045,0.9222,0.966,990869466.08
1582,2021-08-13,0.9661,1.0968,0.9501,1.0901,674407528.31
1583,2021-08-14,1.0901,1.31,1.0691,1.2791,1408060485.32
1584,2021-08-15,1.2788,1.35,1.2252,1.2839,1155282513.71
1585,2021-08-16,1.2838,1.3288,1.1432,1.1855,912003805.45
1586,2021-08-17,1.1855,1.2479,1.085,1.0978,893360572.36
1587,2021-08-18,1.098,1.1963,1.0501,1.1431,870414538.26
1588,2021-08-19,1.143,1.2355,1.0895,1.2347,723276976.29
1589,2021-08-20,1.2347,1.2897,1.1992,1.2629,594584554.01
1590,2021-08-21,1.2629,1.2835,1.2,1.2158,394160040.58
1591,2021-08-22,1.2158,1.2557,1.1776,1.226,360176161.72
1592,2021-08-23,1.2258,1.3046,1.2024,1.2457,661403795.74
1593,2021-08-24,1.2456,1.2658,1.1212,1.1353,637760055.93
1594,2021-08-25,1.1353,1.1779,1.1073,1.1735,530858362.99
1595,2021-08-26,1.1735,1.1866,1.0636,1.0712,569965192.92
1596,2021-08-27,1.0713,1.1926,1.0501,1.1918,565739468.35
1597,2021-08-28,1.1918,1.198,1.1329,1.1459,314618250.83
1598,2021-08-29,1.1458,1.1683,1.112,1.1408,313294895.0
1599,2021-08-30,1.1408,1.1488,1.0946,1.1002,364996870.0
1600,2021-08-31,1.1005,1.2441,1.0907,1.1856,709823003.3
1601,2021-09-01,1.1856,1.2384,1.158,1.2362,469917987.0
1602,2021-09-02,1.2362,1.295,1.2216,1.2533,501596506.82
1603,2021-09-03,1.2533,1.3235,1.2189,1.2907,526413570.07
1604,2021-09-04,1.2906,1.2972,1.2352,1.2548,355870711.0
1605,2021-09-05,1.2548,1.3125,1.2361,1.3076,335187953.0
1606,2021-09-06,1.3075,1.4151,1.3065,1.3894,710855257.92
1607,2021-09-07,1.3894,1.3922,0.9524,1.1292,1297978123.89
1608,2021-09-08,1.129,1.148,1.0133,1.0998,794455994.0
1609,2021-09-09,1.0999,1.1377,1.0619,1.0868,604426508.0
1610,2021-09-10,1.0868,1.245,1.03,1.0552,901671116.0
1611,2021-09-11,1.0552,1.12,1.0503,1.0787,336502704.0
1612,2021-09-12,1.0788,1.1276,1.0576,1.1181,324049191.0
1613,2021-09-13,1.1181,1.1266,1.025,1.0643,510682363.0
1614,2021-09-14,1.0644,1.0978,1.0566,1.0963,275908113.0
1615,2021-09-15,1.0962,1.13,1.0784,1.1207,289063987.0
1616,2021-09-16,1.1207,1.13,1.0662,1.0902,302954441.0
1617,2021-09-17,1.0903,1.1025,1.0509,1.0661,297933223.0
1618,2021-09-18,1.0663,1.0952,1.0562,1.0751,195352031.0
1619,2021-09-19,1.0752,1.0837,1.0383,1.0483,211015299.0
1620,2021-09-20,1.0483,1.0497,0.8738,0.9216,837287959.74
1621,2021-09-21,0.9216,0.9593,0.8582,0.8743,632313366.81
1622,2021-09-22,0.874,1.0094,0.8679,1.0033,606417695.0
1623,2021-09-23,1.0033,1.017,0.9676,1.0016,409673892.0
1624,2021-09-24,1.0016,1.0027,0.8858,0.944,605329486.0
1625,2021-09-25,0.9442,0.9577,0.9163,0.94,347043937.0
1626,2021-09-26,0.9399,0.9567,0.8915,0.9436,384081774.0
1627,2021-09-27,0.9436,0.9818,0.9194,0.9218,350234819.0
1628,2021-09-28,0.9217,0.9431,0.8903,0.8928,313521537.0
1629,2021-09-29,0.8928,0.9941,0.8861,0.9268,459660796.0
1630,2021-09-30,0.9266,0.964,0.9217,0.9533,332911904.0
1631,2021-10-01,0.9535,1.0695,0.9443,1.0422,644378881.0
1632,2021-10-02,1.0422,1.0733,1.0079,1.0359,398398944.0
1633,2021-10-03,1.0359,1.0884,1.021,1.0552,410176280.0
1634,2021-10-04,1.0552,1.0596,1.0059,1.0425,416467677.0
1635,2021-10-05,1.0429,1.088,1.038,1.0839,429469278.0
1636,2021-10-06,1.084,1.1081,1.0171,1.0765,509214129.0
1637,2021-10-07,1.0766,1.0942,1.0423,1.0678,410868906.0
1638,2021-10-08,1.0677,1.0927,1.0539,1.0636,335486636.0
1639,2021-10-09,1.0636,1.2089,1.0565,1.1604,678027224.72
1640,2021-10-10,1.1604,1.23,1.1262,1.1352,647048690.0
1641,2021-10-11,1.1352,1.182,1.1017,1.1364,429676031.0
1642,2021-10-12,1.1363,1.1364,1.0634,1.1018,455399313.0
1643,2021-10-13,1.1017,1.1387,1.075,1.1275,403291632.0
1644,2021-10-14,1.1277,1.16,1.1174,1.1336,353714419.0
1645,2021-10-15,1.1335,1.1656,1.0914,1.1413,573654581.0
1646,2021-10-16,1.1415,1.1869,1.13,1.1343,339530696.0
1647,2021-10-17,1.1343,1.1407,1.0172,1.0944,384414867.0
1648,2021-10-18,1.0943,1.1064,1.0642,1.0827,321174243.0
1649,2021-10-19,1.0827,1.1009,1.0661,1.0911,235324664.0
1650,2021-10-20,1.0911,1.1529,1.0868,1.1455,346122480.0
1651,2021-10-21,1.1451,1.164,1.0851,1.0886,442288500.0
1652,2021-10-22,1.0885,1.1288,1.0739,1.0885,333619107.0
1653,2021-10-23,1.0885,1.1018,1.0763,1.0934,189644449.0
1654,2021-10-24,1.0935,1.0961,1.0522,1.0821,234286648.0
1655,2021-10-25,1.0821,1.1034,1.0778,1.0951,218666074.0
1656,2021-10-26,1.0951,1.1606,1.0905,1.1075,439499263.0
1657,2021-10-27,1.1076,1.1248,0.9483,0.995,914728059.0
1658,2021-10-28,0.9951,1.0816,0.981,1.0579,686113717.0
1659,2021-10-29,1.058,1.0903,1.0409,1.0825,357777322.0
1660,2021-10-30,1.0825,1.1169,1.0611,1.0846,372223050.0
1661,2021-10-31,1.0845,1.1544,1.0689,1.1128,659007943.0
1662,2021-11-01,1.1128,1.1321,1.069,1.0915,381430430.0
1663,2021-11-02,1.0916,1.1468,1.0851,1.1349,398377412.0
1664,2021-11-03,1.1348,1.2363,1.1255,1.2101,838803472.0
1665,2021-11-04,1.21,1.2574,1.1604,1.2004,553456246.0
1666,2021-11-05,1.2004,1.2015,1.1311,1.1581,318649692.0
1667,2021-11-06,1.1581,1.1828,1.1,1.151,260339849.0
1668,2021-11-07,1.1511,1.2374,1.1451,1.2198,371235010.0
1669,2021-11-08,1.2198,1.296,1.2192,1.2815,606055941.0
1670,2021-11-09,1.2815,1.2884,1.2245,1.2571,465127517.0
1671,2021-11-10,1.2572,1.3493,1.1174,1.1902,932520826.0
1672,2021-11-11,1.1902,1.2544,1.1764,1.2142,475284132.0
1673,2021-11-12,1.2142,1.2332,1.1542,1.1883,446863355.0
1674,2021-11-13,1.1884,1.2039,1.167,1.1892,240083101.0
1675,2021-11-14,1.1894,1.1995,1.1675,1.1879,192023307.0
1676,2021-11-15,1.1879,1.2198,1.1651,1.172,266793400.0
1677,2021-11-16,1.172,1.1721,1.0418,1.0877,599544174.0
1678,2021-11-17,1.0877,1.113,1.0588,1.0953,383487232.0
1679,2021-11-18,1.0953,1.17,1.015,1.0406,698664651.0
1680,2021-11-19,1.0406,1.103,1.0174,1.0892,349087574.0
1681,2021-11-20,1.0892,1.1015,1.0594,1.0965,251779916.0
1682,2021-11-21,1.0965,1.0974,1.0544,1.0569,228064131.0
1683,2021-11-22,1.0571,1.071,1.0251,1.0354,307140428.0
1684,2021-11-23,1.0354,1.0715,1.0192,1.0661,341407597.0
1685,2021-11-24,1.0662,1.0735,1.0068,1.0326,344750680.0
1686,2021-11-25,1.0325,1.0647,1.0215,1.0438,312211526.0
1687,2021-11-26,1.0439,1.0467,0.9108,0.9394,659982617.0
1688,2021-11-27,0.9392,0.9656,0.9336,0.9452,224846313.0
1689,2021-11-28,0.9453,0.9692,0.8825,0.9687,336336729.0
1690,2021-11-29,0.9687,1.0019,0.9631,0.9898,303393405.0
1691,2021-11-30,0.9899,1.0304,0.97,0.9983,340017409.0
1692,2021-12-01,0.9984,1.0173,0.9799,0.9899,250291608.0
1693,2021-12-02,0.9898,0.9901,0.9545,0.9716,213172250.0
1694,2021-12-03,0.9715,0.9838,0.89,0.9211,297172193.0
1695,2021-12-04,0.9211,0.9245,0.6,0.8449,1357965897.04
1696,2021-12-05,0.8452,0.862,0.769,0.8045,518767360.0
1697,2021-12-06,0.8045,0.8303,0.7485,0.8255,508644255.0
1698,2021-12-07,0.8256,0.8467,0.8042,0.8154,319504545.0
1699,2021-12-08,0.8154,0.8844,0.8026,0.8622,415004580.0
1700,2021-12-09,0.8623,0.9361,0.8319,0.8583,684730305.0
1701,2021-12-10,0.8583,0.8829,0.7914,0.7992,496512579.0
1702,2021-12-11,0.7992,0.8445,0.7844,0.8392,284945414.0
1703,2021-12-12,0.8391,0.8572,0.8088,0.8393,224450903.0
1704,2021-12-13,0.8394,0.8444,0.7601,0.7818,378446930.0
1705,2021-12-14,0.782,0.8214,0.7717,0.8103,352693472.0
1706,2021-12-15,0.8102,0.84,0.777,0.8262,354116180.0
1707,2021-12-16,0.8262,0.8364,0.8028,0.8051,206133176.0
1708,2021-12-17,0.8053,0.8322,0.7754,0.7966,260108143.0
1709,2021-12-18,0.7967,0.8347,0.791,0.8262,170671362.0
1710,2021-12-19,0.8263,0.8485,0.819,0.835,163876270.0
1711,2021-12-20,0.835,0.915,0.8241,0.8798,555435824.0
1712,2021-12-21,0.8799,0.961,0.8527,0.9467,471318013.0
1713,2021-12-22,0.9466,0.9738,0.923,0.9537,401407051.0
1714,2021-12-23,0.9538,1.0167,0.9372,0.9941,479436230.0
1715,2021-12-24,0.9941,0.9966,0.8964,0.9115,567234092.0
1716,2021-12-25,0.9114,0.935,0.8981,0.9252,250074945.0
1717,2021-12-26,0.9252,0.9334,0.9052,0.92,163438501.0
1718,2021-12-27,0.92,0.956,0.9141,0.9269,236282371.0
1719,2021-12-28,0.9269,0.9269,0.8456,0.8515,321266081.0
1720,2021-12-29,0.8516,0.8645,0.81,0.8171,306520880.0
1721,2021-12-30,0.8172,0.86,0.802,0.8386,262671659.0
1722,2021-12-31,0.8385,0.8545,0.8025,0.8297,239829934.0
1723,2022-01-01,0.8298,0.8557,0.8297,0.8507,136976730.0
1724,2022-01-02,0.8508,0.8667,0.8372,0.8586,129688032.0
1725,2022-01-03,0.8586,0.8587,0.8213,0.8324,178618617.0
1726,2022-01-04,0.8324,0.8456,0.7794,0.8228,214415744.0
1727,2022-01-05,0.8227,0.8372,0.7092,0.7726,370612510.0
1728,2022-01-06,0.7725,0.7909,0.7377,0.7791,307202277.0
1729,2022-01-07,0.779,0.7808,0.7287,0.7634,372926762.0
865,2022-01-08,0.7634,0.7768,0.7222,0.7452,253028571.0
866,2022-01-09,0.7452,0.7667,0.7381,0.753,151521399.0
1732,2022-01-10,0.753,0.7589,0.6967,0.7399,313080154.0
868,2022-01-11,0.7399,0.7768,0.7306,0.7703,254065075.0
869,2022-01-12,0.7702,0.816,0.757,0.7987,295701910.0
870,2022-01-13,0.7986,0.8024,0.7604,0.768,227833834.0
871,2022-01-14,0.7677,0.8,0.7513,0.7732,221104212.0
872,2022-01-15,0.7733,0.79,0.768,0.7791,138443019.0
873,2022-01-16,0.7791,0.7884,0.768,0.7784,125068081.0
874,2022-01-17,0.7785,0.7805,0.7498,0.7617,181653025.0
875,2022-01-18,0.7616,0.7686,0.7352,0.7509,188367099.0
876,2022-01-19,0.751,0.7533,0.7231,0.7381,190555142.0
877,2022-01-20,0.7381,0.7622,0.7161,0.7199,205931050.0
1743,2022-01-21,0.7199,0.7285,0.6112,0.6368,612944841.0
879,2022-01-22,0.6368,0.6542,0.5489,0.5966,769947907.12
880,2022-01-23,0.5966,0.6352,0.59,0.6283,331234207.0
881,2022-01-24,0.6284,0.6286,0.5524,0.6118,513343471.0
882,2022-01-25,0.6118,0.6243,0.5872,0.618,319618429.0
883,2022-01-26,0.6178,0.6586,0.6047,0.6193,466864710.0
884,2022-01-27,0.6193,0.6247,0.5893,0.6088,292543906.0
885,2022-01-28,0.6089,0.614,0.5916,0.6111,221009653.0
1751,2022-01-29,0.6112,0.6255,0.6083,0.6174,154572094.0
1752,2022-01-30,0.6175,0.6232,0.5973,0.6013,146491081.0
888,2022-01-31,0.6012,0.6242,0.5803,0.6174,213749309.0
889,2022-02-01,0.6174,0.6308,0.6107,0.6284,174300620.0
890,2022-02-02,0.6284,0.6314,0.5955,0.6006,186608762.0
891,2022-02-03,0.6006,0.6116,0.5886,0.6102,168129675.0
1757,2022-02-04,0.6101,0.6589,0.6044,0.6555,263927174.0
1758,2022-02-05,0.6557,0.6869,0.65,0.6656,310296779.0
894,2022-02-06,0.6656,0.688,0.6589,0.6825,157303166.0
895,2022-02-07,0.6825,0.839,0.6712,0.8314,640917209.0
896,2022-02-08,0.8314,0.9142,0.8034,0.8763,1048879447.0
897,2022-02-09,0.8763,0.9168,0.8413,0.8697,626331950.0
1763,2022-02-10,0.8699,0.8975,0.821,0.8253,495010890.0
1764,2022-02-11,0.8253,0.8339,0.75,0.7591,482432190.0
900,2022-02-12,0.759,0.8532,0.7465,0.8223,477906804.0
1766,2022-02-13,0.8223,0.8476,0.792,0.8057,351589704.0
902,2022-02-14,0.8057,0.8127,0.7791,0.8012,304006647.0
903,2022-02-15,0.8012,0.8599,0.7961,0.8515,279317316.0
1769,2022-02-16,0.8514,0.8532,0.8086,0.8366,252745706.0
1770,2022-02-17,0.8367,0.8448,0.7535,0.769,375190546.0
906,2022-02-18,0.7689,0.8055,0.756,0.784,417945743.0
907,2022-02-19,0.7841,0.8547,0.7696,0.8215,492929500.0
908,2022-02-20,0.8215,0.8234,0.7643,0.7769,495454770.0
1774,2022-02-21,0.7769,0.802,0.6953,0.7018,621650777.0
1775,2022-02-22,0.7018,0.7266,0.6686,0.7209,597541290.0
1776,2022-02-23,0.7209,0.7441,0.6924,0.6967,438023003.0
912,2022-02-24,0.6967,0.7226,0.6215,0.6963,986343826.0
913,2022-02-25,0.6962,0.7807,0.6826,0.7699,557343038.0
1779,2022-02-26,0.7698,0.7955,0.7403,0.7508,520451349.0
915,2022-02-27,0.7508,0.7677,0.7032,0.7215,441252224.0
916,2022-02-28,0.7216,0.7938,0.7075,0.7809,444617964.0
917,2022-03-01,0.7809,0.8039,0.7574,0.7839,392126769.0
1783,2022-03-02,0.784,0.7848,0.7562,0.7687,377602100.0
1784,2022-03-03,0.7688,0.7897,0.7336,0.7515,339295156.0
1785,2022-03-04,0.7514,0.755,0.6942,0.7127,382831997.0
921,2022-03-05,0.7127,0.7693,0.7049,0.754,358200609.0
1787,2022-03-06,0.7539,0.7589,0.7211,0.7251,304732286.0
1788,2022-03-07,0.7252,0.7544,0.7033,0.7197,496407111.0
1789,2022-03-08,0.7196,0.7313,0.7135,0.7207,293749434.0
925,2022-03-09,0.7208,0.775,0.7199,0.7658,397032109.0
926,2022-03-10,0.7659,0.7797,0.7215,0.7361,397850898.0
1792,2022-03-11,0.7361,0.814,0.725,0.8029,526984782.0
928,2022-03-12,0.8028,0.849,0.7783,0.7857,589059126.0
929,2022-03-13,0.7857,0.8057,0.7508,0.7602,311279578.0
930,2022-03-14,0.7602,0.7779,0.745,0.7748,326606464.0
931,2022-03-15,0.7747,0.7768,0.7413,0.7657,243756136.0
932,2022-03-16,0.7658,0.7945,0.7569,0.7919,350641035.0
1798,2022-03-17,0.7919,0.802,0.783,0.7935,264101320.0
934,2022-03-18,0.7936,0.8007,0.7762,0.7965,222661984.0
1800,2022-03-19,0.7964,0.8268,0.7915,0.8194,248947590.0
1801,2022-03-20,0.8195,0.822,0.795,0.8057,185090508.0
937,2022-03-21,0.8057,0.8549,0.7875,0.8373,316427663.0
1803,2022-03-22,0.8372,0.8653,0.8273,0.8366,305184306.0
1804,2022-03-23,0.8366,0.846,0.8171,0.8376,235024475.0
940,2022-03-24,0.8376,0.85,0.8272,0.8428,282122073.0
1806,2022-03-25,0.8428,0.8459,0.8185,0.8239,214450998.0
942,2022-03-26,0.8239,0.8349,0.8206,0.8327,122433652.0
1808,2022-03-27,0.8326,0.8582,0.8275,0.858,198619688.0
1809,2022-03-28,0.8579,0.93,0.8528,0.8641,479199201.0
1810,2022-03-29,0.864,0.8857,0.8389,0.8577,264756291.0
1811,2022-03-30,0.8576,0.8718,0.8455,0.8613,201046259.0
1812,2022-03-31,0.8613,0.8737,0.7794,0.8148,366939277.0
948,2022-04-01,0.8149,0.8343,0.807,0.8277,254001232.0
1814,2022-04-02,0.8277,0.8499,0.8185,0.824,210041825.0
1815,2022-04-03,0.824,0.8519,0.8143,0.8432,159520162.0
951,2022-04-04,0.8432,0.844,0.8041,0.826,216740017.0
952,2022-04-05,0.8261,0.8366,0.8145,0.8164,174779509.0
953,2022-04-06,0.8164,0.8184,0.7555,0.7595,348686323.0
1819,2022-04-07,0.7594,0.7911,0.7523,0.7871,196211648.0
1820,2022-04-08,0.787,0.7944,0.7463,0.7549,210639194.0
956,2022-04-09,0.755,0.7668,0.7531,0.7622,102131244.0
957,2022-04-10,0.7623,0.7731,0.7524,0.7543,123028708.0
958,2022-04-11,0.7543,0.7558,0.6802,0.6948,354459252.0
959,2022-04-12,0.6949,0.734,0.6924,0.7152,263088987.0
960,2022-04-13,0.7151,0.7252,0.7017,0.7232,217937566.0
961,2022-04-14,0.7232,0.7413,0.7083,0.7262,239629937.0
962,2022-04-15,0.7262,0.7975,0.7261,0.7858,439676502.0
1828,2022-04-16,0.7859,0.7999,0.7658,0.7808,206493032.0
964,2022-04-17,0.7808,0.7861,0.7477,0.7519,188468510.0
965,2022-04-18,0.7519,0.7699,0.7266,0.7699,257757252.0
966,2022-04-19,0.7698,0.786,0.7588,0.7749,199132020.0
967,2022-04-20,0.7749,0.7753,0.742,0.7517,220246970.0
1833,2022-04-21,0.7517,0.7686,0.718,0.7328,241310449.0
1834,2022-04-22,0.7328,0.7387,0.7142,0.7179,220757625.0
970,2022-04-23,0.7178,0.7267,0.7023,0.7057,163036743.0
971,2022-04-24,0.7057,0.7119,0.6944,0.6981,144945400.0
972,2022-04-25,0.698,0.6998,0.6451,0.6931,399434752.0
973,2022-04-26,0.6931,0.7065,0.6276,0.642,355964613.0
974,2022-04-27,0.642,0.663,0.6361,0.6522,277994630.0
1840,2022-04-28,0.6522,0.6577,0.6333,0.6428,242145728.0
976,2022-04-29,0.6428,0.6464,0.5992,0.6116,322263629.0
1842,2022-04-30,0.6115,0.6288,0.5663,0.5845,354754733.0
978,2022-05-01,0.5845,0.6125,0.576,0.607,279653905.0
979,2022-05-02,0.607,0.6312,0.5984,0.6143,332748235.0
1845,2022-05-03,0.6143,0.628,0.5961,0.6047,284044788.0
1846,2022-05-04,0.6047,0.65,0.6039,0.6459,345607731.0
982,2022-05-05,0.646,0.6572,0.5801,0.5981,446938464.0
983,2022-05-06,0.5981,0.6164,0.5875,0.6022,363872112.0
1849,2022-05-07,0.6022,0.6044,0.5692,0.5808,243420987.0
1850,2022-05-08,0.5808,0.5833,0.5572,0.5662,335981906.0
986,2022-05-09,0.5663,0.5789,0.47,0.4873,841979616.33
987,2022-05-10,0.4872,0.5371,0.4722,0.513,900790302.0
1853,2022-05-11,0.513,0.5253,0.3646,0.4172,1598443681.35
1854,2022-05-12,0.4172,0.4296,0.3361,0.3856,1567507931.5
1855,2022-05-13,0.3856,0.4659,0.3813,0.4228,698396767.0
1856,2022-05-14,0.4229,0.441,0.3955,0.4262,442845171.0
1857,2022-05-15,0.4262,0.45,0.4149,0.4481,267739238.0
1858,2022-05-16,0.4481,0.4481,0.4087,0.4231,433909248.0
1859,2022-05-17,0.4231,0.4403,0.417,0.438,376428299.0
1860,2022-05-18,0.438,0.4428,0.4037,0.4056,370954228.0
1861,2022-05-19,0.4056,0.4242,0.3908,0.4205,285465302.0
1862,2022-05-20,0.4205,0.4407,0.4016,0.4101,358049438.0
998,2022-05-21,0.4101,0.4183,0.403,0.4145,144232225.0
999,2022-05-22,0.4144,0.4255,0.4101,0.4218,143783091.0
1000,2022-05-23,0.4217,0.4287,0.4002,0.4052,301434382.0
1001,2022-05-24,0.4052,0.4138,0.3908,0.4086,309724750.0
1002,2022-05-25,0.4087,0.4138,0.3948,0.406,414339536.0
1003,2022-05-26,0.4061,0.4109,0.3753,0.392,626704757.0
1004,2022-05-27,0.3921,0.4032,0.3764,0.3819,549974246.0
1005,2022-05-28,0.382,0.389,0.3805,0.3863,232996058.0
1006,2022-05-29,0.3863,0.3908,0.3794,0.3891,190159222.0
1007,2022-05-30,0.3891,0.4197,0.3866,0.4187,371239281.0
1008,2022-05-31,0.4188,0.4342,0.4065,0.4217,422313633.0
1009,2022-06-01,0.4217,0.4266,0.3887,0.398,436983828.0
1010,2022-06-02,0.3981,0.4072,0.3907,0.4055,350695114.0
1011,2022-06-03,0.4054,0.4105,0.3839,0.3904,283788604.0
1012,2022-06-04,0.3903,0.3944,0.3846,0.3925,134031506.0
1013,2022-06-05,0.3925,0.3995,0.3895,0.3953,134209649.0
1014,2022-06-06,0.3954,0.4099,0.394,0.4026,253767142.0
1015,2022-06-07,0.4027,0.4175,0.3846,0.4076,418785041.0
1016,2022-06-08,0.4076,0.4104,0.3947,0.4006,307076296.0
1017,2022-06-09,0.4007,0.4041,0.3965,0.4002,253775318.0
1018,2022-06-10,0.4002,0.4118,0.3762,0.3815,399808206.0
1019,2022-06-11,0.3815,0.3887,0.3557,0.3599,335176735.0
1020,2022-06-12,0.3598,0.3654,0.3394,0.3433,427316144.0
1021,2022-06-13,0.3433,0.3507,0.3012,0.3118,1028751993.07
1022,2022-06-14,0.3117,0.3267,0.2936,0.3214,778418633.0
1023,2022-06-15,0.3215,0.3469,0.298,0.3436,865192872.0
1024,2022-06-16,0.3436,0.3475,0.3073,0.3132,589816543.0
1025,2022-06-17,0.3132,0.3397,0.3105,0.321,430655102.0
1026,2022-06-18,0.321,0.3263,0.2872,0.3075,555977925.71
1027,2022-06-19,0.3074,0.333,0.2981,0.3264,393395495.0
1028,2022-06-20,0.3262,0.3289,0.3135,0.3227,356161086.0
1029,2022-06-21,0.3226,0.3374,0.3187,0.3294,379691157.0
1030,2022-06-22,0.3294,0.3297,0.319,0.3223,315095128.0
1031,2022-06-23,0.3223,0.3371,0.3213,0.3358,293426615.0
1032,2022-06-24,0.3357,0.3871,0.3348,0.3672,610286919.0
1033,2022-06-25,0.3672,0.3741,0.3542,0.3676,216676025.0
1034,2022-06-26,0.3677,0.3751,0.3576,0.3592,194186812.0
1035,2022-06-27,0.3591,0.3671,0.348,0.3537,274516503.0
1036,2022-06-28,0.3537,0.3557,0.3353,0.3375,316153206.0
1037,2022-06-29,0.3375,0.3417,0.3201,0.3296,329827694.0
1038,2022-06-30,0.3296,0.3333,0.3056,0.3321,463148646.0
1039,2022-07-01,0.332,0.3363,0.31,0.3139,373042743.0
1040,2022-07-02,0.3142,0.3181,0.3089,0.3156,179482724.0
1041,2022-07-03,0.3157,0.3258,0.3085,0.3215,194701668.0
1042,2022-07-04,0.3216,0.33,0.3146,0.3287,276890244.0
1043,2022-07-05,0.3287,0.331,0.3128,0.3252,332749123.0
1044,2022-07-06,0.3252,0.334,0.32,0.3324,295359140.0
1045,2022-07-07,0.3324,0.3456,0.3269,0.3422,261063763.0
1046,2022-07-08,0.3423,0.359,0.3359,0.3402,383269941.0
1047,2022-07-09,0.3403,0.3477,0.3392,0.3448,131799232.0
1048,2022-07-10,0.3448,0.3449,0.3197,0.3255,240237163.0
1049,2022-07-11,0.3256,0.3292,0.3108,0.3152,246538517.0
1050,2022-07-12,0.3152,0.3182,0.3078,0.3116,234067778.0
1051,2022-07-13,0.3117,0.326,0.302,0.3237,354463864.0
1052,2022-07-14,0.3236,0.334,0.3122,0.3338,323459383.0
1053,2022-07-15,0.3338,0.349,0.3273,0.3342,392883643.0
1054,2022-07-16,0.3341,0.3565,0.3313,0.3505,271487176.0
1055,2022-07-17,0.3504,0.3614,0.3413,0.3433,203255685.0
1056,2022-07-18,0.3434,0.3701,0.3429,0.3653,404237689.0
1057,2022-07-19,0.3652,0.3767,0.3515,0.3729,372635897.0
1058,2022-07-20,0.3728,0.3817,0.3572,0.3635,329852165.0
1059,2022-07-21,0.3635,0.3685,0.3485,0.3669,276798269.0
1060,2022-07-22,0.3668,0.3716,0.3541,0.3578,231304449.0
1061,2022-07-23,0.3578,0.3628,0.3498,0.3592,140472336.0
1062,2022-07-24,0.3592,0.3667,0.3558,0.3586,154710249.0
1063,2022-07-25,0.3585,0.3602,0.335,0.3362,250777496.0
1064,2022-07-26,0.3362,0.3385,0.3252,0.3372,248516564.0
1065,2022-07-27,0.3373,0.3597,0.3304,0.3594,270820690.0
1066,2022-07-28,0.3594,0.3792,0.3489,0.3739,338381188.0
1067,2022-07-29,0.3738,0.3799,0.3596,0.3679,276456259.0
1068,2022-07-30,0.3679,0.4099,0.3629,0.3879,388154871.0
1069,2022-07-31,0.388,0.3989,0.3782,0.3792,231814092.0
1070,2022-08-01,0.3791,0.386,0.371,0.3791,215729685.0
1071,2022-08-02,0.3791,0.3946,0.3667,0.3714,261343324.0
1072,2022-08-03,0.3714,0.3775,0.3631,0.3695,212254602.0
1073,2022-08-04,0.3695,0.375,0.3643,0.371,170860294.0
1074,2022-08-05,0.371,0.3785,0.3673,0.3764,178170072.0
1075,2022-08-06,0.3764,0.378,0.3703,0.3715,88658479.0
1076,2022-08-07,0.3715,0.3772,0.3682,0.3722,94432362.0
1077,2022-08-08,0.3723,0.3847,0.371,0.3787,221476216.0
1078,2022-08-09,0.3787,0.3801,0.3606,0.3672,168358813.0
1079,2022-08-10,0.3672,0.3815,0.3583,0.3814,218617309.0
1080,2022-08-11,0.3814,0.386,0.377,0.3802,212303676.0
1081,2022-08-12,0.3801,0.3806,0.3699,0.3796,169377982.0
1082,2022-08-13,0.3797,0.3876,0.3763,0.378,122728952.0
1083,2022-08-14,0.3779,0.3922,0.3738,0.3757,184744299.0
1084,2022-08-15,0.3756,0.3852,0.3658,0.3751,231352894.0
1085,2022-08-16,0.375,0.3784,0.3666,0.377,196904975.0
1086,2022-08-17,0.377,0.3923,0.368,0.3795,333525617.0
1087,2022-08-18,0.3796,0.3815,0.3691,0.3704,206448429.0
1088,2022-08-19,0.3703,0.3707,0.3309,0.3344,437831008.0
1089,2022-08-20,0.3345,0.3428,0.3321,0.3368,206218319.0
1090,2022-08-21,0.3368,0.3485,0.3355,0.3449,185595697.0
1091,2022-08-22,0.3448,0.3453,0.3313,0.344,259125051.0
1092,2022-08-23,0.344,0.348,0.3326,0.3472,224844843.0
1093,2022-08-24,0.3473,0.3525,0.3389,0.3456,190760736.0
1094,2022-08-25,0.3456,0.3522,0.3435,0.3491,200831070.0
1095,2022-08-26,0.3491,0.3712,0.3325,0.3393,439211758.0
1096,2022-08-27,0.3393,0.3447,0.3283,0.3346,175871454.0
1097,2022-08-28,0.3346,0.3373,0.3213,0.3224,148984590.0
1098,2022-08-29,0.3223,0.3342,0.3186,0.3337,268856257.0
1099,2022-08-30,0.3337,0.3359,0.32,0.3267,213879108.0
1100,2022-08-31,0.3268,0.3339,0.323,0.3277,195043842.0
1101,2022-09-01,0.3276,0.3334,0.3215,0.3331,183564987.0
1102,2022-09-02,0.3332,0.3355,0.3253,0.3314,179601436.0
1103,2022-09-03,0.3315,0.335,0.3265,0.3297,103317904.0
1104,2022-09-04,0.3296,0.3328,0.3275,0.3317,95913393.0
1105,2022-09-05,0.3318,0.3338,0.3225,0.3329,178320876.0
1106,2022-09-06,0.3329,0.3431,0.3154,0.3212,337153895.0
1107,2022-09-07,0.3212,0.3386,0.312,0.3369,267709589.0
1108,2022-09-08,0.3369,0.3434,0.3282,0.3396,234589959.0
1109,2022-09-09,0.3396,0.3597,0.3394,0.3568,334849027.0
1110,2022-09-10,0.3568,0.3622,0.3514,0.3573,186010258.0
1111,2022-09-11,0.3574,0.3604,0.3485,0.3552,146159090.0
1112,2022-09-12,0.3551,0.3602,0.3478,0.3598,243143764.0
1113,2022-09-13,0.3598,0.3603,0.3308,0.3326,364278378.0
1114,2022-09-14,0.3326,0.3442,0.3312,0.3415,308604961.0
1115,2022-09-15,0.3415,0.3429,0.3241,0.3261,406236125.0
1116,2022-09-16,0.3261,0.3581,0.3216,0.3552,370003740.0
1117,2022-09-17,0.3552,0.381,0.3464,0.3762,443007880.0
1118,2022-09-18,0.3762,0.3981,0.3556,0.3576,680858418.0
1119,2022-09-19,0.3578,0.3932,0.3401,0.3848,737172977.0
1120,2022-09-20,0.3847,0.4242,0.3704,0.414,1113792429.0
1121,2022-09-21,0.4139,0.434,0.38,0.3936,925735817.0
1122,2022-09-22,0.3936,0.5,0.3933,0.4862,1322834928.0
1123,2022-09-23,0.4861,0.559,0.4564,0.5069,1820625745.0
1124,2022-09-24,0.5069,0.5195,0.4717,0.4878,711158721.0
1125,2022-09-25,0.4879,0.5215,0.4757,0.4917,738162563.0
1126,2022-09-26,0.4916,0.502,0.4576,0.4683,626520230.0
1127,2022-09-27,0.4682,0.4882,0.435,0.4457,628394011.0
1128,2022-09-28,0.4458,0.4558,0.4168,0.4489,595920283.0
1129,2022-09-29,0.4491,0.5109,0.4266,0.4877,788666701.0
1130,2022-09-30,0.4876,0.4992,0.4667,0.4799,683028303.0
1131,2022-10-01,0.4799,0.4865,0.4667,0.4754,332745201.0
1132,2022-10-02,0.4753,0.4785,0.443,0.4485,331325448.0
1133,2022-10-03,0.4485,0.4694,0.4372,0.4621,393625435.0
1134,2022-10-04,0.4622,0.4858,0.4515,0.4795,528294804.0
1135,2022-10-05,0.4795,0.502,0.4716,0.4887,582675616.0
1136,2022-10-06,0.4888,0.5063,0.4883,0.4934,412623504.0
1137,2022-10-07,0.4934,0.5339,0.48,0.5177,523500800.0
1138,2022-10-08,0.5177,0.5292,0.5111,0.517,340783746.0
1139,2022-10-09,0.5171,0.549,0.506,0.5325,366379188.0
1140,2022-10-10,0.5325,0.538,0.4927,0.4939,519737735.0
1141,2022-10-11,0.4939,0.5025,0.4768,0.4861,445279743.0
1142,2022-10-12,0.486,0.496,0.482,0.4881,245221984.0
1143,2022-10-13,0.4881,0.4898,0.4401,0.4791,601751609.0
1144,2022-10-14,0.4791,0.5125,0.4782,0.4883,457259209.0
1145,2022-10-15,0.4882,0.49,0.4774,0.4818,155163123.0
1146,2022-10-16,0.4818,0.4876,0.468,0.4766,220894101.0
1147,2022-10-17,0.4765,0.4825,0.4627,0.4804,266511552.0
1148,2022-10-18,0.4804,0.4843,0.4571,0.4658,289689721.0
1149,2022-10-19,0.4657,0.4667,0.4471,0.4504,330327507.0
1150,2022-10-20,0.4504,0.4646,0.4224,0.4465,396744045.0
1151,2022-10-21,0.4465,0.4617,0.4336,0.4614,362000551.0
1152,2022-10-22,0.4613,0.4708,0.4561,0.4653,168922503.0
1153,2022-10-23,0.4653,0.4726,0.4518,0.4688,201619037.0
1154,2022-10-24,0.4688,0.473,0.4478,0.4529,269189993.0
1155,2022-10-25,0.453,0.4728,0.4434,0.4605,350361399.0
1156,2022-10-26,0.4606,0.4715,0.4562,0.4689,308800077.0
1157,2022-10-27,0.4689,0.4824,0.4584,0.4615,386147200.0
1158,2022-10-28,0.4615,0.4755,0.4564,0.4744,258511622.0
1159,2022-10-29,0.4743,0.4837,0.4657,0.4701,284375501.0
1160,2022-10-30,0.4702,0.4735,0.4537,0.4582,182831402.0
1161,2022-10-31,0.4582,0.4674,0.4476,0.4641,291632134.0
1162,2022-11-01,0.464,0.467,0.4543,0.4636,272552886.0
1163,2022-11-02,0.4635,0.4659,0.4451,0.4497,305327596.0
1164,2022-11-03,0.4498,0.4598,0.4487,0.4548,221405589.0
1165,2022-11-04,0.4548,0.5078,0.4532,0.5064,561979429.0
1166,2022-11-05,0.5063,0.51,0.489,0.493,199360700.0
1167,2022-11-06,0.493,0.4947,0.468,0.4709,163125807.0
1168,2022-11-07,0.4708,0.48,0.4585,0.4648,325333918.0
1169,2022-11-08,0.4647,0.4669,0.3355,0.4059,978082649.0
1170,2022-11-09,0.4059,0.411,0.316,0.3331,908074197.0
1171,2022-11-10,0.3332,0.403,0.3301,0.3942,815070852.0
1172,2022-11-11,0.3942,0.3991,0.3661,0.3843,477945830.0
1173,2022-11-12,0.3843,0.3846,0.3592,0.3636,254821436.0
1174,2022-11-13,0.3635,0.3694,0.3325,0.3408,334510449.0
1175,2022-11-14,0.3409,0.3796,0.321,0.3776,693547037.0
1176,2022-11-15,0.3775,0.3977,0.3668,0.3888,541305225.0
1177,2022-11-16,0.3887,0.3915,0.3614,0.3752,363276410.0
1178,2022-11-17,0.3751,0.3873,0.3691,0.3819,413772413.0
1179,2022-11-18,0.3819,0.3878,0.3733,0.3829,292591109.0
1180,2022-11-19,0.3829,0.3886,0.3752,0.3841,145313373.0
1181,2022-11-20,0.3842,0.3969,0.3585,0.3608,308373842.0
1182,2022-11-21,0.3608,0.369,0.3457,0.3645,591706474.0
1183,2022-11-22,0.3645,0.3784,0.3513,0.3757,464705247.0
1184,2022-11-23,0.3758,0.3824,0.3682,0.3815,354058802.0
1185,2022-11-24,0.3816,0.405,0.3742,0.4018,454087891.0
1186,2022-11-25,0.4018,0.4194,0.3888,0.4078,428503257.0
1187,2022-11-26,0.4077,0.4146,0.3927,0.396,184581391.0
1188,2022-11-27,0.396,0.4096,0.3942,0.3962,199432182.0
1189,2022-11-28,0.3961,0.3991,0.373,0.3888,434930297.0
1190,2022-11-29,0.3888,0.4039,0.3829,0.3981,355638077.0
1191,2022-11-30,0.3981,0.4117,0.3926,0.4078,329757224.0
1192,2022-12-01,0.4078,0.4093,0.3944,0.3969,251203503.0
1193,2022-12-02,0.3968,0.3975,0.3838,0.3961,257877078.0
1194,2022-12-03,0.3961,0.3973,0.3853,0.3873,152919238.0
1195,2022-12-04,0.3873,0.3932,0.386,0.3895,134434499.0
1196,2022-12-05,0.3895,0.3954,0.38,0.3893,338205071.0
1197,2022-12-06,0.3893,0.3925,0.3808,0.3914,302191639.0
1198,2022-12-07,0.3914,0.3925,0.3733,0.3835,307733325.0
1199,2022-12-08,0.3834,0.3962,0.3826,0.3941,276255107.0
1200,2022-12-09,0.3942,0.3952,0.3843,0.3889,259535105.0
1201,2022-12-10,0.3889,0.3893,0.3854,0.3865,99433210.0
1202,2022-12-11,0.3865,0.3886,0.3778,0.3809,96374128.0
1203,2022-12-12,0.3808,0.3898,0.3707,0.3874,348028456.0
1204,2022-12-13,0.3875,0.397,0.3786,0.3952,440118070.0
1205,2022-12-14,0.3953,0.3956,0.3768,0.3853,329607186.0
1206,2022-12-15,0.3852,0.3867,0.3735,0.378,226540166.0
1207,2022-12-16,0.3779,0.3799,0.344,0.3511,376428572.0
1208,2022-12-17,0.351,0.3598,0.3467,0.3545,208492422.0
1209,2022-12-18,0.3545,0.3556,0.3473,0.3499,115421793.0
1210,2022-12-19,0.3499,0.353,0.332,0.3389,365699862.0
1211,2022-12-20,0.3389,0.3532,0.3359,0.3482,312424782.0
1212,2022-12-21,0.3482,0.3505,0.3371,0.3449,287425951.0
1213,2022-12-22,0.3448,0.3503,0.3414,0.3492,255155313.0
1214,2022-12-23,0.3492,0.355,0.3471,0.3543,221882542.0
1215,2022-12-24,0.3542,0.3544,0.3509,0.3517,62857912.0
1216,2022-12-25,0.3518,0.3519,0.3439,0.3457,100344595.0
1217,2022-12-26,0.3457,0.37,0.3455,0.3658,337834881.0
1218,2022-12-27,0.3657,0.3731,0.3586,0.3675,385194770.0
1219,2022-12-28,0.3675,0.3687,0.3546,0.3558,337095747.0
1220,2022-12-29,0.3559,0.3577,0.3361,0.3421,347820025.0
1221,2022-12-30,0.3421,0.3461,0.3337,0.3451,270037618.0
1222,2022-12-31,0.345,0.3453,0.3384,0.3389,138156698.0
1223,2023-01-01,0.3389,0.34,0.3354,0.3387,102026821.0
1224,2023-01-02,0.3386,0.3555,0.3,0.3482,647520487.0
1225,2023-01-03,0.3482,0.352,0.3395,0.3436,346410334.0
1226,2023-01-04,0.3436,0.3605,0.339,0.3472,372672796.0
1227,2023-01-05,0.3471,0.3487,0.3333,0.338,265529668.0
1228,2023-01-06,0.338,0.3462,0.3311,0.3443,278304929.0
1229,2023-01-07,0.3442,0.3457,0.3413,0.3442,103851424.0
1230,2023-01-08,0.3442,0.3469,0.3354,0.3452,185516324.0
1231,2023-01-09,0.3452,0.3576,0.3437,0.349,527746615.0
367,2023-01-10,0.3489,0.3541,0.3432,0.3507,338577860.0
368,2023-01-11,0.3506,0.3785,0.3477,0.3728,626037461.0
369,2023-01-12,0.3728,0.382,0.3607,0.3748,505754231.0
370,2023-01-13,0.3748,0.3868,0.368,0.3858,405120914.0
371,2023-01-14,0.3857,0.4089,0.3766,0.3953,582781070.0
372,2023-01-15,0.3953,0.3969,0.3795,0.3845,294014260.0
373,2023-01-16,0.3846,0.4064,0.3777,0.3855,542041099.0
374,2023-01-17,0.3855,0.3987,0.379,0.3868,378212343.0
1240,2023-01-18,0.3868,0.3964,0.3655,0.3782,615064764.0
1241,2023-01-19,0.3782,0.3965,0.3762,0.3928,416112670.0
1242,2023-01-20,0.3929,0.4141,0.3859,0.4129,366316527.0
378,2023-01-21,0.4129,0.4166,0.3967,0.4034,346602583.0
379,2023-01-22,0.4034,0.4122,0.3962,0.4004,250067543.0
380,2023-01-23,0.4004,0.433,0.3995,0.4234,723894773.0
381,2023-01-24,0.4233,0.4312,0.4025,0.4078,411297898.0
382,2023-01-25,0.4079,0.4245,0.3965,0.417,375065459.0
383,2023-01-26,0.417,0.4178,0.4053,0.4092,290069659.0
1249,2023-01-27,0.4091,0.4135,0.3988,0.4128,274281738.0
385,2023-01-28,0.4127,0.4168,0.4055,0.4078,148949278.0
386,2023-01-29,0.4078,0.4173,0.4066,0.4134,166884667.0
387,2023-01-30,0.4135,0.4222,0.386,0.3934,433795926.0
1253,2023-01-31,0.3933,0.4113,0.388,0.4057,346580963.0
1254,2023-02-01,0.4058,0.4157,0.3962,0.4131,379103907.0
390,2023-02-02,0.4132,0.4192,0.408,0.4098,322532370.0
1256,2023-02-03,0.4097,0.4137,0.4054,0.4117,274689680.0
392,2023-02-04,0.4116,0.4204,0.4075,0.4106,178134111.0
393,2023-02-05,0.4106,0.412,0.3942,0.3984,237111362.0
394,2023-02-06,0.3985,0.4037,0.3909,0.392,315995053.0
395,2023-02-07,0.3921,0.4048,0.3901,0.4036,356160688.0
396,2023-02-08,0.4037,0.406,0.3936,0.3975,263188839.0
397,2023-02-09,0.3975,0.4092,0.3726,0.3819,526681339.0
1263,2023-02-10,0.3818,0.3878,0.3771,0.3817,279931749.0
399,2023-02-11,0.3818,0.3841,0.3798,0.3833,123179600.0
1265,2023-02-12,0.3834,0.385,0.3716,0.3747,135976322.0
401,2023-02-13,0.3747,0.3783,0.3612,0.3703,382768169.0
1267,2023-02-14,0.3703,0.3839,0.3644,0.3819,372274074.0
403,2023-02-15,0.3819,0.4024,0.3765,0.4011,370966882.0
1269,2023-02-16,0.401,0.4048,0.384,0.3841,450636395.0
405,2023-02-17,0.3841,0.4,0.3809,0.395,358052399.0
406,2023-02-18,0.3949,0.3976,0.3911,0.3943,145625421.0
407,2023-02-19,0.3942,0.3981,0.3845,0.3863,237992952.0
408,2023-02-20,0.3862,0.409,0.3774,0.3984,557018367.0
409,2023-02-21,0.3985,0.4025,0.3872,0.3919,448284088.0
410,2023-02-22,0.392,0.3977,0.3828,0.3953,389277544.0
1276,2023-02-23,0.3953,0.3979,0.3853,0.3882,348351954.0
412,2023-02-24,0.3883,0.3908,0.3723,0.3783,356652233.0
1278,2023-02-25,0.3783,0.3795,0.3692,0.3778,179723963.0
414,2023-02-26,0.3779,0.3807,0.3745,0.3779,130843027.0
1280,2023-02-27,0.3779,0.3801,0.3708,0.3785,421412885.0
416,2023-02-28,0.3785,0.3827,0.3719,0.3762,371401256.0
417,2023-03-01,0.3762,0.3848,0.3726,0.3835,317577485.0
1283,2023-03-02,0.3836,0.3846,0.3737,0.3772,281873061.0
419,2023-03-03,0.3772,0.3806,0.3539,0.3774,490515388.0
420,2023-03-04,0.3773,0.38,0.368,0.3735,164275250.0
421,2023-03-05,0.3735,0.3774,0.3653,0.3668,163637644.0
1287,2023-03-06,0.3668,0.3743,0.3589,0.3695,428373378.0
1288,2023-03-07,0.3696,0.3844,0.3669,0.3801,562644274.0
424,2023-03-08,0.3802,0.4018,0.3723,0.3889,682406723.0
1290,2023-03-09,0.3889,0.3976,0.3639,0.3706,655014119.0
426,2023-03-10,0.3706,0.3752,0.3571,0.37,541098785.0
427,2023-03-11,0.3699,0.3741,0.3582,0.3638,342981412.0
428,2023-03-12,0.3637,0.3715,0.3473,0.3714,389760071.0
429,2023-03-13,0.3713,0.38,0.3553,0.3724,556402600.0
430,2023-03-14,0.3724,0.387,0.3647,0.3724,544803822.0
1296,2023-03-15,0.3724,0.3757,0.356,0.3589,385093409.0
1297,2023-03-16,0.3589,0.367,0.3562,0.3647,259083315.0
1298,2023-03-17,0.3648,0.3825,0.362,0.3798,405873760.0
434,2023-03-18,0.3797,0.3898,0.3691,0.3739,360335327.0
435,2023-03-19,0.3739,0.4,0.3736,0.3857,476291604.0
436,2023-03-20,0.3858,0.3913,0.3707,0.3734,443129416.0
1302,2023-03-21,0.3734,0.4929,0.3728,0.4696,1698380685.0
438,2023-03-22,0.4696,0.475,0.4069,0.4213,1409641087.0
439,2023-03-23,0.4213,0.4557,0.4116,0.4438,837629903.0
440,2023-03-24,0.4437,0.444,0.4141,0.4259,507977567.0
441,2023-03-25,0.426,0.465,0.4223,0.4429,635312958.0
442,2023-03-26,0.4429,0.4632,0.4403,0.4479,364479792.0
443,2023-03-27,0.4479,0.4888,0.4425,0.479,1003256531.0
444,2023-03-28,0.4789,0.534,0.4666,0.5144,1126346466.0
445,2023-03-29,0.5145,0.585,0.5145,0.5425,1291815558.0
446,2023-03-30,0.5425,0.558,0.5214,0.5319,827691286.0
447,2023-03-31,0.5319,0.564,0.5257,0.5374,532875635.0
1313,2023-04-01,0.5375,0.5375,0.4972,0.5095,516087832.0
1314,2023-04-02,0.5095,0.529,0.5015,0.518,391347744.0
450,2023-04-03,0.5179,0.525,0.481,0.4959,522070023.0
1316,2023-04-04,0.4958,0.5078,0.4871,0.5026,360227447.0
1317,2023-04-05,0.5026,0.5271,0.4986,0.5055,411989031.0
1318,2023-04-06,0.5056,0.5097,0.4913,0.5028,315900045.0
1319,2023-04-07,0.5028,0.5156,0.4971,0.5126,318185786.0
455,2023-04-08,0.5127,0.513,0.5022,0.5048,136614694.0
456,2023-04-09,0.5049,0.5093,0.4983,0.5054,116122379.0
1322,2023-04-10,0.5053,0.5199,0.5,0.5176,264898196.0
1323,2023-04-11,0.5176,0.5283,0.511,0.5167,358821527.0
1324,2023-04-12,0.5166,0.5179,0.4984,0.5049,339100343.0
1325,2023-04-13,0.5049,0.5156,0.5014,0.5125,273342378.0
1326,2023-04-14,0.5124,0.5465,0.5111,0.5227,462335443.0
462,2023-04-15,0.5227,0.5261,0.516,0.5192,152508925.0
1328,2023-04-16,0.5192,0.5244,0.5152,0.5209,157240759.0
464,2023-04-17,0.5208,0.521,0.5066,0.5109,299749754.0
465,2023-04-18,0.511,0.5391,0.5092,0.5324,358112470.0
466,2023-04-19,0.5325,0.5375,0.471,0.4911,620153279.0
467,2023-04-20,0.4911,0.4993,0.465,0.4752,454997513.0
468,2023-04-21,0.4752,0.4792,0.4403,0.4491,425209825.0
469,2023-04-22,0.4491,0.4761,0.4455,0.4719,242021955.0
470,2023-04-23,0.472,0.472,0.4526,0.4647,222191297.0
1336,2023-04-24,0.4648,0.4857,0.4469,0.4611,408426760.0
1337,2023-04-25,0.461,0.4723,0.4506,0.4695,377056298.0
473,2023-04-26,0.4696,0.4831,0.4329,0.4618,551155391.0
1339,2023-04-27,0.4618,0.4699,0.4557,0.4667,345756985.0
475,2023-04-28,0.4666,0.483,0.4637,0.4796,384917512.0
1341,2023-04-29,0.4795,0.4869,0.4709,0.478,175533507.0
1342,2023-04-30,0.4779,0.4819,0.4687,0.4705,143199211.0
1343,2023-05-01,0.4705,0.4724,0.4544,0.4649,338231418.0
1344,2023-05-02,0.4648,0.4662,0.4574,0.4645,330734355.0
480,2023-05-03,0.4644,0.4655,0.4497,0.4632,341232638.0
481,2023-05-04,0.4633,0.465,0.4547,0.4608,218212542.0
482,2023-05-05,0.4608,0.4706,0.4545,0.4671,292855620.0
483,2023-05-06,0.4671,0.4695,0.4512,0.4582,168649976.0
484,2023-05-07,0.4582,0.4601,0.4457,0.449,119401215.0
485,2023-05-08,0.4491,0.4512,0.41,0.4283,483055933.0
1351,2023-05-09,0.4283,0.4308,0.4202,0.4289,331497882.0
1352,2023-05-10,0.4289,0.434,0.4119,0.4303,334930240.0
1353,2023-05-11,0.4303,0.4305,0.4114,0.4207,288769811.0
1354,2023-05-12,0.4207,0.4446,0.4157,0.4305,408757650.0
1355,2023-05-13,0.4305,0.4306,0.4227,0.424,102125283.0
491,2023-05-14,0.424,0.4317,0.421,0.4253,97517794.0
1357,2023-05-15,0.4253,0.4304,0.4214,0.4273,263543031.0
493,2023-05-16,0.4273,0.443,0.4174,0.4425,357854908.0
1359,2023-05-17,0.4426,0.4616,0.4375,0.4484,511331200.0
495,2023-05-18,0.4485,0.473,0.443,0.4596,420292099.0
1361,2023-05-19,0.4597,0.4755,0.4573,0.4675,327924286.0
497,2023-05-20,0.4674,0.4719,0.4618,0.4685,133085427.0
498,2023-05-21,0.4685,0.4706,0.455,0.4575,152105849.0
1364,2023-05-22,0.4574,0.4674,0.4496,0.4618,289989578.0
500,2023-05-23,0.4618,0.4672,0.4583,0.4651,270491006.0
501,2023-05-24,0.4651,0.4651,0.4457,0.453,334128026.0
502,2023-05-25,0.453,0.4551,0.4431,0.4538,190174437.0
503,2023-05-26,0.4538,0.4699,0.4524,0.4684,284645154.0
504,2023-05-27,0.4684,0.4792,0.4652,0.4714,178798933.0
505,2023-05-28,0.4714,0.4863,0.4699,0.482,166534206.0
506,2023-05-29,0.482,0.4954,0.4761,0.4946,328535756.0
507,2023-05-30,0.4946,0.5293,0.4893,0.5205,662891231.0
508,2023-05-31,0.5205,0.528,0.5009,0.5166,440917044.0
509,2023-06-01,0.5167,0.5167,0.5014,0.5065,320782418.0
510,2023-06-02,0.5065,0.5271,0.5033,0.5244,293048961.0
511,2023-06-03,0.5245,0.534,0.5144,0.5188,172139129.0
512,2023-06-04,0.5188,0.547,0.5151,0.5359,250235168.0
513,2023-06-05,0.5359,0.5431,0.4867,0.509,616993814.0
514,2023-06-06,0.5089,0.5328,0.4952,0.53,458413458.0
515,2023-06-07,0.53,0.5384,0.507,0.5183,467474175.0
516,2023-06-08,0.5183,0.5278,0.5156,0.5236,262982251.0
517,2023-06-09,0.5237,0.5418,0.5205,0.538,352068623.0
518,2023-06-10,0.538,0.5388,0.472,0.5067,609302319.0
519,2023-06-11,0.5067,0.5293,0.5027,0.5208,221202480.0
520,2023-06-12,0.5209,0.528,0.5086,0.5251,356547544.0
521,2023-06-13,0.5251,0.5658,0.5054,0.5192,771631184.0
522,2023-06-14,0.5193,0.5205,0.461,0.4801,544396397.0
523,2023-06-15,0.4802,0.4858,0.4663,0.4801,337742736.0
524,2023-06-16,0.4801,0.4833,0.4558,0.4759,376661662.0
525,2023-06-17,0.4758,0.4869,0.4694,0.4794,189579671.0
526,2023-06-18,0.4794,0.4979,0.4741,0.4868,225020544.0
527,2023-06-19,0.4868,0.4991,0.4811,0.4936,322187608.0
528,2023-06-20,0.4935,0.4967,0.4716,0.4929,378325906.0
529,2023-06-21,0.4928,0.5034,0.4892,0.4999,408749828.0
530,2023-06-22,0.4999,0.5272,0.4821,0.4938,442729597.0
531,2023-06-23,0.4937,0.5023,0.484,0.4961,345391930.0
532,2023-06-24,0.496,0.4961,0.478,0.4865,193097516.0
533,2023-06-25,0.4865,0.4977,0.4829,0.4903,191583170.0
534,2023-06-26,0.4903,0.4919,0.4701,0.479,305338027.0
535,2023-06-27,0.479,0.4851,0.4759,0.4838,291583944.0
536,2023-06-28,0.4839,0.4844,0.4493,0.4647,325837765.0
537,2023-06-29,0.4648,0.4773,0.4612,0.4747,211214558.0
538,2023-06-30,0.4747,0.4827,0.4498,0.4729,393612239.0
539,2023-07-01,0.473,0.476,0.464,0.4732,232549409.0
540,2023-07-02,0.4732,0.4961,0.4697,0.4845,337155089.0
541,2023-07-03,0.4844,0.4914,0.4784,0.489,357020349.0
542,2023-07-04,0.489,0.4935,0.4816,0.4872,299439491.0
543,2023-07-05,0.4872,0.4919,0.4696,0.4777,292620010.0
544,2023-07-06,0.4777,0.4842,0.4612,0.4622,304125111.0
545,2023-07-07,0.4622,0.4708,0.4575,0.4687,230688947.0
546,2023-07-08,0.4686,0.4748,0.4649,0.4704,116031881.0
547,2023-07-09,0.4705,0.4717,0.4664,0.468,80147955.0
548,2023-07-10,0.4681,0.48,0.4622,0.478,334545737.0
549,2023-07-11,0.478,0.4784,0.4709,0.4753,225681776.0
550,2023-07-12,0.4753,0.4772,0.4648,0.471,220670755.0
551,2023-07-13,0.471,0.938,0.4695,0.8153,2499971165.0
552,2023-07-14,0.8151,0.8253,0.6686,0.7179,1525175518.0
553,2023-07-15,0.7178,0.7362,0.6919,0.7145,703355719.0
554,2023-07-16,0.7144,0.79,0.702,0.7468,946644269.0
555,2023-07-17,0.7468,0.7662,0.7122,0.7374,608872143.0
556,2023-07-18,0.7373,0.785,0.7304,0.7779,598030609.0
557,2023-07-19,0.778,0.8547,0.7685,0.8199,913495953.0
558,2023-07-20,0.8198,0.8489,0.771,0.7942,643507521.0
559,2023-07-21,0.7942,0.7987,0.7601,0.7713,411233974.0
560,2023-07-22,0.7713,0.7799,0.7215,0.7331,324984749.0
561,2023-07-23,0.733,0.7525,0.7149,0.7384,293811431.0
562,2023-07-24,0.7384,0.743,0.6808,0.7021,513611905.0
563,2023-07-25,0.702,0.7163,0.6743,0.7089,393523223.0
564,2023-07-26,0.709,0.7313,0.6927,0.7161,369415295.0
565,2023-07-27,0.7161,0.7328,0.7061,0.7139,312450860.0
566,2023-07-28,0.7138,0.7189,0.7021,0.712,200990844.0
567,2023-07-29,0.7119,0.7158,0.7041,0.7121,105603908.0
568,2023-07-30,0.7122,0.7358,0.6825,0.7046,267572438.0
569,2023-07-31,0.7047,0.7205,0.685,0.6976,378390957.0
570,2023-08-01,0.6976,0.7082,0.6732,0.7069,366664318.0
571,2023-08-02,0.7069,0.7081,0.6762,0.685,257325957.0
572,2023-08-03,0.6849,0.6875,0.6543,0.663,353547025.0
573,2023-08-04,0.6629,0.6677,0.625,0.6356,350885648.0
574,2023-08-05,0.6356,0.6358,0.6106,0.6288,290912373.0
575,2023-08-06,0.6288,0.6388,0.6214,0.624,201522971.0
576,2023-08-07,0.624,0.6299,0.5967,0.6236,446625792.0
577,2023-08-08,0.6235,0.6482,0.6141,0.6418,377837388.0
578,2023-08-09,0.6418,0.6662,0.6314,0.6433,440268396.0
579,2023-08-10,0.6434,0.6445,0.6241,0.6331,294658012.0
580,2023-08-11,0.6331,0.6413,0.6257,0.6318,225898829.0
581,2023-08-12,0.6317,0.6335,0.6224,0.6276,87289374.0
582,2023-08-13,0.6276,0.6385,0.6235,0.6256,137308778.0
583,2023-08-14,0.6256,0.6369,0.6241,0.6343,260175236.0
584,2023-08-15,0.6342,0.6348,0.58,0.6104,388356202.0
585,2023-08-16,0.6104,0.617,0.572,0.5889,581618879.0
586,2023-08-17,0.589,0.5948,0.4226,0.5064,847602528.0
587,2023-08-18,0.5064,0.523,0.4829,0.5062,724839898.0
588,2023-08-19,0.5062,0.5249,0.5006,0.5199,298930279.0
589,2023-08-20,0.52,0.5582,0.516,0.5384,452910011.0
590,2023-08-21,0.5385,0.5398,0.503,0.5245,528716245.0
591,2023-08-22,0.5245,0.5256,0.5032,0.521,422200069.0
592,2023-08-23,0.5211,0.5368,0.5157,0.5301,286855957.0
593,2023-08-24,0.5302,0.5319,0.5111,0.5187,252154333.0
594,2023-08-25,0.5187,0.5319,0.5078,0.5258,326124248.0
595,2023-08-26,0.5258,0.5283,0.5178,0.5231,110436094.0
596,2023-08-27,0.5231,0.5303,0.5163,0.5236,132391247.0
597,2023-08-28,0.5235,0.525,0.5102,0.5232,266211960.0
598,2023-08-29,0.5232,0.5496,0.5131,0.5398,458921685.0
599,2023-08-30,0.5398,0.5404,0.5216,0.5284,279526116.0
600,2023-08-31,0.5284,0.5288,0.495,0.511,359350681.0
601,2023-09-01,0.511,0.512,0.4864,0.498,390869888.0
602,2023-09-02,0.4981,0.5029,0.4943,0.4988,173634913.0
603,2023-09-03,0.4989,0.5107,0.4971,0.5047,148603214.0
604,2023-09-04,0.5047,0.513,0.4966,0.5087,293271541.0
605,2023-09-05,0.5087,0.5088,0.499,0.5056,260333041.0
606,2023-09-06,0.5056,0.5058,0.4909,0.5033,255134232.0
607,2023-09-07,0.5033,0.5069,0.4965,0.505,209969723.0
608,2023-09-08,0.5051,0.5076,0.4941,0.505,223628172.0
609,2023-09-09,0.5049,0.5049,0.5015,0.5038,69132813.0
610,2023-09-10,0.5038,0.5039,0.4923,0.4969,144849888.0
611,2023-09-11,0.4969,0.4982,0.459,0.4744,484437445.0
612,2023-09-12,0.4744,0.4867,0.47,0.4804,356403388.0
613,2023-09-13,0.4804,0.4897,0.4723,0.4832,274586793.0
614,2023-09-14,0.4833,0.4941,0.4799,0.4892,232539752.0
615,2023-09-15,0.4892,0.5086,0.4874,0.5005,305608308.0
616,2023-09-16,0.5004,0.5035,0.4968,0.4998,132881408.0
617,2023-09-17,0.4997,0.5004,0.4894,0.4925,142846615.0
618,2023-09-18,0.4925,0.5077,0.4864,0.503,298374742.0
619,2023-09-19,0.503,0.5166,0.5005,0.514,295258283.0
620,2023-09-20,0.5139,0.5254,0.5065,0.5212,288497937.0
621,2023-09-21,0.5213,0.5214,0.5001,0.5071,277323578.0
622,2023-09-22,0.5072,0.517,0.5036,0.5122,233893377.0
623,2023-09-23,0.5122,0.5138,0.5055,0.5076,101716334.0
624,2023-09-24,0.5076,0.5118,0.4984,0.5021,112889323.0
625,2023-09-25,0.502,0.5072,0.4912,0.5056,303674393.0
626,2023-09-26,0.5056,0.5075,0.496,0.5019,271054261.0
627,2023-09-27,0.5019,0.5071,0.4968,0.4993,237514582.0
628,2023-09-28,0.4993,0.5102,0.4952,0.5098,247906960.0
629,2023-09-29,0.5097,0.5494,0.5061,0.5215,604996777.0
630,2023-09-30,0.5215,0.5218,0.5134,0.5149,144866051.0
631,2023-10-01,0.5148,0.526,0.5137,0.5241,167673504.0
632,2023-10-02,0.524,0.5266,0.5075,0.5123,319018957.0
633,2023-10-03,0.5122,0.5479,0.5055,0.539,398167814.0
634,2023-10-04,0.5391,0.5426,0.5194,0.5326,422012491.0
635,2023-10-05,0.5326,0.5326,0.5155,0.5227,234313709.0
636,2023-10-06,0.5227,0.5298,0.5169,0.5255,219784262.0
637,2023-10-07,0.5255,0.5258,0.5197,0.5216,63137112.0
638,2023-10-08,0.5216,0.5234,0.5153,0.5174,82864720.0
639,2023-10-09,0.5174,0.5201,0.4875,0.5027,322604658.0
640,2023-10-10,0.5027,0.5027,0.4917,0.4965,228001743.0
641,2023-10-11,0.4964,0.4977,0.4788,0.4888,241504648.0
642,2023-10-12,0.4889,0.4889,0.4729,0.483,259545095.0
643,2023-10-13,0.4831,0.4907,0.4786,0.4851,257150898.0
644,2023-10-14,0.4852,0.4883,0.4835,0.4865,93826664.0
645,2023-10-15,0.4866,0.4902,0.485,0.4874,101648635.0
646,2023-10-16,0.4874,0.5109,0.485,0.4978,405705160.0
647,2023-10-17,0.4977,0.498,0.4845,0.4912,268586946.0
648,2023-10-18,0.4911,0.4924,0.4855,0.4878,202731261.0
649,2023-10-19,0.4878,0.5245,0.4769,0.5197,445455672.0
650,2023-10-20,0.5197,0.5309,0.5084,0.5149,412008957.0
651,2023-10-21,0.515,0.5325,0.5109,0.5208,179110644.0
652,2023-10-22,0.5208,0.5242,0.5118,0.5226,165306102.0
653,2023-10-23,0.5226,0.5536,0.5199,0.5475,522483834.0
654,2023-10-24,0.5475,0.5866,0.5346,0.5588,798801237.0
655,2023-10-25,0.5587,0.5639,0.5404,0.5552,369106629.0
656,2023-10-26,0.5552,0.5695,0.5426,0.5533,397423009.0
657,2023-10-27,0.5534,0.5588,0.5325,0.543,312543838.0
658,2023-10-28,0.543,0.5506,0.5405,0.5446,110912293.0
659,2023-10-29,0.5446,0.5614,0.5405,0.5561,160069611.0
660,2023-10-30,0.556,0.5843,0.5494,0.578,436757242.0
661,2023-10-31,0.578,0.6213,0.5627,0.5996,621793128.0
662,2023-11-01,0.5995,0.6164,0.5802,0.6085,468312081.0
663,2023-11-02,0.6084,0.6262,0.5865,0.6054,438254076.0
664,2023-11-03,0.6053,0.615,0.5914,0.6121,329096876.0
665,2023-11-04,0.612,0.6181,0.6083,0.6149,142897570.0
666,2023-11-05,0.6149,0.663,0.6137,0.6607,418017252.0
667,2023-11-06,0.6606,0.7324,0.6584,0.7148,703629362.0
668,2023-11-07,0.7147,0.7155,0.65,0.685,618276758.0
669,2023-11-08,0.6851,0.699,0.6725,0.6869,344396095.0
670,2023-11-09,0.6869,0.7069,0.63,0.6665,777778139.0
671,2023-11-10,0.6667,0.6711,0.6359,0.6595,464857348.0
672,2023-11-11,0.6594,0.69,0.6401,0.6626,380232188.0
673,2023-11-12,0.6626,0.6709,0.6458,0.6613,216031217.0
674,2023-11-13,0.6612,0.75,0.6397,0.6702,749884441.0
675,2023-11-14,0.6701,0.6724,0.5967,0.6296,597417769.0
676,2023-11-15,0.6296,0.6504,0.6251,0.6481,339283800.0
677,2023-11-16,0.6482,0.653,0.6033,0.6119,440591531.0
678,2023-11-17,0.6118,0.6244,0.5859,0.6133,368525340.0
679,2023-11-18,0.6132,0.6144,0.589,0.6106,192040293.0
680,2023-11-19,0.6106,0.6286,0.6012,0.6258,240044861.0
681,2023-11-20,0.6258,0.6282,0.6061,0.6122,298231745.0
682,2023-11-21,0.6121,0.6178,0.5725,0.5788,468850910.0
683,2023-11-22,0.5787,0.6162,0.5774,0.6109,346216216.0
684,2023-11-23,0.6109,0.6238,0.6059,0.6209,305693192.0
685,2023-11-24,0.6208,0.6258,0.6155,0.6212,303149239.0
686,2023-11-25,0.6212,0.6238,0.6157,0.6228,121921267.0
687,2023-11-26,0.6228,0.6375,0.6064,0.6157,266307412.0
688,2023-11-27,0.6157,0.6168,0.5937,0.6039,309411406.0
689,2023-11-28,0.6039,0.6139,0.5957,0.6107,286127938.0
690,2023-11-29,0.6106,0.617,0.604,0.6091,235341461.0
691,2023-11-30,0.609,0.6099,0.5982,0.6063,232714430.0
692,2023-12-01,0.6063,0.6143,0.6031,0.6125,248446111.0
693,2023-12-02,0.6126,0.6229,0.611,0.6208,144130252.0
694,2023-12-03,0.6207,0.6342,0.6168,0.6229,240660124.0
695,2023-12-04,0.6229,0.6439,0.582,0.6245,492198799.0
696,2023-12-05,0.6246,0.6307,0.6076,0.621,369372743.0
697,2023-12-06,0.621,0.6437,0.6104,0.64,498860756.0
698,2023-12-07,0.64,0.6544,0.6204,0.6432,454683854.0
699,2023-12-08,0.6431,0.6756,0.6373,0.6721,497144485.0
700,2023-12-09,0.672,0.7,0.651,0.6584,522942153.0
701,2023-12-10,0.6584,0.6715,0.6468,0.6617,251001949.0
702,2023-12-11,0.6617,0.6628,0.6,0.6187,601855237.0
703,2023-12-12,0.6187,0.6263,0.6067,0.6192,372907112.0
704,2023-12-13,0.6191,0.6348,0.5925,0.6275,383566539.0
705,2023-12-14,0.6276,0.6379,0.6053,0.6316,340698850.0
706,2023-12-15,0.6316,0.6441,0.6116,0.6156,356613976.0
707,2023-12-16,0.6156,0.6258,0.61,0.6203,160755138.0
708,2023-12-17,0.6202,0.6237,0.6084,0.6103,176476817.0
709,2023-12-18,0.6103,0.6145,0.5778,0.6125,477105096.0
710,2023-12-19,0.6125,0.6167,0.5972,0.6047,309456484.0
711,2023-12-20,0.6047,0.6264,0.601,0.6171,380133323.0
712,2023-12-21,0.6171,0.6249,0.6103,0.6241,294263304.0
713,2023-12-22,0.624,0.6317,0.6154,0.6244,386616422.0
714,2023-12-23,0.6243,0.6249,0.6106,0.6195,170948891.0
715,2023-12-24,0.6195,0.6295,0.6035,0.6121,305003397.0
716,2023-12-25,0.6122,0.6488,0.6082,0.6462,501529244.0
717,2023-12-26,0.6461,0.6469,0.6,0.6219,427204990.0
718,2023-12-27,0.6219,0.6421,0.6127,0.634,363959180.0
719,2023-12-28,0.6341,0.6584,0.6249,0.6346,468193003.0
720,2023-12-29,0.6346,0.6363,0.6121,0.623,347060742.0
721,2023-12-30,0.6229,0.6297,0.6158,0.6207,168141907.0
722,2023-12-31,0.6207,0.6285,0.6055,0.6156,160978768.0
723,2024-01-01,0.6155,0.6309,0.6083,0.6294,165869400.0
724,2024-01-02,0.6295,0.6405,0.6213,0.6246,371069494.0
725,2024-01-03,0.6245,0.6394,0.5,0.5823,1063513320.0
726,2024-01-04,0.5823,0.5938,0.5692,0.5868,384638363.0
727,2024-01-05,0.5868,0.5885,0.553,0.5757,383229345.0
728,2024-01-06,0.5758,0.5758,0.5568,0.5679,166749051.0
729,2024-01-07,0.568,0.573,0.5454,0.5515,226717559.0
730,2024-01-08,0.5515,0.5821,0.5442,0.5776,520587965.0
1,2024-01-09,0.5776,0.5793,0.5531,0.5669,454568370.0
2,2024-01-10,0.567,0.615,0.5489,0.6008,565711997.0
3,2024-01-11,0.6008,0.624,0.5856,0.6019,513518254.0
4,2024-01-12,0.6019,0.6035,0.5515,0.5699,462016509.0
735,2024-01-13,0.5699,0.5775,0.563,0.5747,144723019.0
6,2024-01-14,0.5746,0.5932,0.5717,0.5763,188471401.0
737,2024-01-15,0.5763,0.5895,0.5687,0.5757,267118552.0
8,2024-01-16,0.5757,0.5797,0.5659,0.5757,250036650.0
9,2024-01-17,0.5758,0.5763,0.5611,0.5685,229435711.0
10,2024-01-18,0.5685,0.569,0.543,0.552,286860737.0
11,2024-01-19,0.552,0.5537,0.5216,0.5443,412467369.0
12,2024-01-20,0.5443,0.5551,0.539,0.5534,190027866.0
13,2024-01-21,0.5534,0.5552,0.5451,0.5464,115018674.0
14,2024-01-22,0.5464,0.5497,0.5169,0.5275,340622198.0
15,2024-01-23,0.5275,0.5318,0.4962,0.5183,468522571.0
746,2024-01-24,0.5183,0.5194,0.511,0.5181,256315507.0
17,2024-01-25,0.5182,0.5182,0.5037,0.5138,251423038.0
18,2024-01-26,0.5139,0.5368,0.5084,0.5323,345499020.0
19,2024-01-27,0.5322,0.5349,0.5262,0.5303,109437595.0
20,2024-01-28,0.5304,0.5355,0.5211,0.5241,133344725.0
21,2024-01-29,0.5242,0.54,0.5193,0.5352,315810144.0
22,2024-01-30,0.5351,0.5393,0.5071,0.5107,551143127.0
23,2024-01-31,0.5106,0.5144,0.4853,0.5033,485421774.0
24,2024-02-01,0.5033,0.5107,0.49,0.5058,339711167.0
25,2024-02-02,0.5057,0.5142,0.4987,0.5105,362229325.0
26,2024-02-03,0.5106,0.527,0.506,0.5186,268503943.0
27,2024-02-04,0.5187,0.5192,0.5003,0.5032,156461025.0
28,2024-02-05,0.5031,0.5143,0.4969,0.5069,316744221.0
759,2024-02-06,0.5069,0.5112,0.4981,0.505,296361361.0
760,2024-02-07,0.505,0.5155,0.4993,0.5138,337065844.0
761,2024-02-08,0.5138,0.52,0.5101,0.5147,319558939.0
32,2024-02-09,0.5146,0.5282,0.514,0.5262,381663993.0
33,2024-02-10,0.5262,0.5282,0.5186,0.5239,136051851.0
34,2024-02-11,0.5239,0.536,0.5216,0.5261,218992618.0
765,2024-02-12,0.5262,0.538,0.5143,0.5315,383946428.0
36,2024-02-13,0.5315,0.5338,0.514,0.5247,398803382.0
37,2024-02-14,0.5246,0.5418,0.5203,0.5378,402071120.0
38,2024-02-15,0.5378,0.5769,0.537,0.5622,640584098.0
769,2024-02-16,0.5622,0.5791,0.5523,0.5643,522111567.0
40,2024-02-17,0.5643,0.5655,0.5392,0.5496,254033578.0
41,2024-02-18,0.5496,0.5625,0.5471,0.5571,199644484.0
42,2024-02-19,0.557,0.5679,0.5538,0.5626,361659945.0
773,2024-02-20,0.5626,0.5751,0.543,0.5622,577494529.0
774,2024-02-21,0.5622,0.5629,0.5326,0.5491,443537294.0
775,2024-02-22,0.549,0.5517,0.5366,0.541,363824441.0
46,2024-02-23,0.541,0.5437,0.5251,0.5342,435074448.0
777,2024-02-24,0.5342,0.5481,0.5313,0.545,201672485.0
778,2024-02-25,0.5449,0.5489,0.542,0.5425,200338025.0
779,2024-02-26,0.5424,0.5528,0.5288,0.5506,442051388.0
780,2024-02-27,0.5506,0.5976,0.5476,0.5861,852720045.0
781,2024-02-28,0.5862,0.6059,0.53,0.575,1038133713.0
52,2024-02-29,0.5749,0.626,0.5669,0.5867,1323123117.0
53,2024-03-01,0.5868,0.6034,0.5829,0.6013,545783016.0
784,2024-03-02,0.6013,0.6501,0.5993,0.6442,891150692.0
785,2024-03-03,0.6442,0.6446,0.59,0.6271,626556050.0
56,2024-03-04,0.6271,0.666,0.615,0.6477,1053563753.0
787,2024-03-05,0.6476,0.6685,0.5386,0.5912,1554937673.0
58,2024-03-06,0.5913,0.624,0.5754,0.6121,832599729.0
789,2024-03-07,0.6121,0.6394,0.6064,0.627,789389082.0
790,2024-03-08,0.6271,0.6338,0.6,0.62,648298999.0
61,2024-03-09,0.62,0.6323,0.6158,0.6197,399105613.0
62,2024-03-10,0.6198,0.6278,0.5965,0.608,431213931.0
793,2024-03-11,0.608,0.744,0.583,0.723,2035920643.0
794,2024-03-12,0.723,0.7332,0.6585,0.688,1164823272.0
65,2024-03-13,0.688,0.7026,0.6684,0.6891,629718012.0
66,2024-03-14,0.6891,0.7077,0.6378,0.669,866913230.0
797,2024-03-15,0.669,0.6759,0.596,0.6342,1046569627.0
68,2024-03-16,0.6341,0.6479,0.5915,0.6031,637944105.0
799,2024-03-17,0.603,0.6249,0.5869,0.6191,520417354.0
70,2024-03-18,0.6191,0.6686,0.5946,0.6453,868146942.0
801,2024-03-19,0.6453,0.6489,0.5712,0.5845,1036258366.0
72,2024-03-20,0.5845,0.6187,0.5681,0.6107,802805428.0
73,2024-03-21,0.6108,0.6546,0.5972,0.6404,799317843.0
804,2024-03-22,0.6403,0.6454,0.5985,0.6115,580029104.0
805,2024-03-23,0.6115,0.6329,0.6032,0.6167,278695151.0
76,2024-03-24,0.6168,0.6358,0.6133,0.6325,304667124.0
77,2024-03-25,0.6326,0.6629,0.6263,0.6406,598260361.0
78,2024-03-26,0.6405,0.653,0.625,0.6317,483920076.0
809,2024-03-27,0.6317,0.6349,0.6055,0.6118,576105586.0
80,2024-03-28,0.6119,0.6378,0.6033,0.6244,500717330.0
81,2024-03-29,0.6243,0.6455,0.6087,0.6301,536802072.0
82,2024-03-30,0.63,0.6372,0.6178,0.6212,275028227.0
83,2024-03-31,0.6211,0.6301,0.6204,0.6292,181972969.0
84,2024-04-01,0.6292,0.6336,0.5947,0.611,546287523.0
85,2024-04-02,0.611,0.6185,0.579,0.5854,648286441.0
86,2024-04-03,0.5854,0.593,0.5663,0.5742,493903933.0
87,2024-04-04,0.5741,0.6176,0.5623,0.5935,701629386.0
88,2024-04-05,0.5934,0.5939,0.5687,0.5871,421470900.0
89,2024-04-06,0.587,0.5988,0.5852,0.593,165404890.0
90,2024-04-07,0.593,0.6028,0.5894,0.5944,210766117.0
91,2024-04-08,0.5945,0.6265,0.5881,0.6147,512812491.0
822,2024-04-09,0.6146,0.6431,0.6012,0.6141,648585747.0
93,2024-04-10,0.614,0.6204,0.5928,0.6172,449695736.0
824,2024-04-11,0.6171,0.6214,0.6029,0.6086,316314812.0
825,2024-04-12,0.6085,0.6159,0.5068,0.5468,903224330.0
96,2024-04-13,0.5468,0.5491,0.4188,0.4788,1199425184.0
827,2024-04-14,0.4788,0.5073,0.4637,0.5033,820741178.0
828,2024-04-15,0.5034,0.5189,0.4811,0.4977,680790708.0
829,2024-04-16,0.4977,0.5021,0.4754,0.4965,535103938.0
830,2024-04-17,0.4965,0.5081,0.4715,0.4951,496078590.0
831,2024-04-18,0.4951,0.5057,0.4856,0.5025,408855589.0
832,2024-04-19,0.5026,0.5108,0.4665,0.503,649243049.0
103,2024-04-20,0.503,0.53,0.4981,0.5288,323152269.0
104,2024-04-21,0.5288,0.5367,0.5183,0.5246,209381366.0
835,2024-04-22,0.5246,0.5715,0.5221,0.556,481213218.0
106,2024-04-23,0.556,0.5576,0.5415,0.5445,395536969.0
837,2024-04-24,0.5445,0.5519,0.5212,0.5275,437750382.0
108,2024-04-25,0.5276,0.5327,0.5137,0.5254,358100461.0
109,2024-04-26,0.5254,0.5361,0.5143,0.5261,354085810.0
110,2024-04-27,0.5261,0.5265,0.508,0.5179,195569696.0
111,2024-04-28,0.5178,0.5253,0.5085,0.5103,135893039.0
112,2024-04-29,0.5104,0.5175,0.4986,0.5151,347828455.0
843,2024-04-30,0.515,0.5198,0.4875,0.5006,395591280.0
844,2024-05-01,0.5006,0.5214,0.4782,0.5175,478521177.0
845,2024-05-02,0.5175,0.5245,0.5067,0.518,344602656.0
846,2024-05-03,0.518,0.5367,0.5145,0.5317,363626848.0
847,2024-05-04,0.5317,0.541,0.5272,0.5302,158694221.0
848,2024-05-05,0.5302,0.5334,0.524,0.5296,112344720.0
849,2024-05-06,0.5295,0.5703,0.5247,0.5402,567274807.0
850,2024-05-07,0.5401,0.5443,0.5217,0.5245,346192205.0
851,2024-05-08,0.5244,0.53,0.5153,0.5171,346832658.0
852,2024-05-09,0.517,0.5238,0.5087,0.5209,299812797.0
123,2024-05-10,0.5209,0.5209,0.497,0.5022,356081362.0
124,2024-05-11,0.5022,0.5079,0.5005,0.5059,99554446.0
855,2024-05-12,0.5059,0.5088,0.4957,0.4993,96995150.0
126,2024-05-13,0.4993,0.5121,0.4866,0.5053,307847853.0
127,2024-05-14,0.5052,0.5132,0.4972,0.5002,306746811.0
858,2024-05-15,0.5002,0.5196,0.4967,0.5188,323956909.0
129,2024-05-16,0.5188,0.5228,0.5123,0.5157,327561119.0
860,2024-05-17,0.5158,0.5292,0.5135,0.5234,286496760.0
131,2024-05-18,0.5235,0.5256,0.5186,0.5213,90176826.0
132,2024-05-19,0.5213,0.5236,0.5063,0.5096,112974578.0
133,2024-05-20,0.5096,0.538,0.5064,0.5377,404880454.0
864,2024-05-21,0.5377,0.5571,0.5319,0.537,491396281.0
135,2024-05-22,0.537,0.5383,0.5224,0.5268,303183587.0
136,2024-05-23,0.5268,0.5488,0.5027,0.5289,585134596.0
137,2024-05-24,0.5288,0.5375,0.5168,0.536,322992520.0
138,2024-05-25,0.5359,0.5426,0.5318,0.5416,132376204.0
139,2024-05-26,0.5416,0.542,0.5255,0.5283,108799266.0
140,2024-05-27,0.5283,0.5409,0.5236,0.534,244982717.0
141,2024-05-28,0.5339,0.5355,0.5211,0.5287,282469800.0
142,2024-05-29,0.5286,0.5334,0.52,0.5238,316791079.0
143,2024-05-30,0.5238,0.5283,0.5127,0.5186,361762802.0
144,2024-05-31,0.5185,0.5259,0.5119,0.5176,304398744.0
145,2024-06-01,0.5176,0.5219,0.5174,0.5187,88294554.0
146,2024-06-02,0.5187,0.5209,0.508,0.5135,130902096.0
147,2024-06-03,0.5135,0.5232,0.5118,0.5199,237659106.0
148,2024-06-04,0.5199,0.5303,0.5182,0.5257,252531633.0
149,2024-06-05,0.5257,0.5326,0.524,0.5258,248045273.0
150,2024-06-06,0.5259,0.5281,0.5164,0.5215,289657499.0
151,2024-06-07,0.5214,0.528,0.4508,0.4991,549543388.0
152,2024-06-08,0.4991,0.5008,0.4897,0.4926,152121412.0
153,2024-06-09,0.4927,0.4992,0.4909,0.4986,90936082.0
154,2024-06-10,0.4987,0.506,0.4933,0.4969,249759346.0
155,2024-06-11,0.4969,0.497,0.4707,0.4802,429410619.0
156,2024-06-12,0.4803,0.4982,0.4742,0.4916,341106347.0
157,2024-06-13,0.4917,0.4917,0.4756,0.4769,290198216.0
158,2024-06-14,0.4768,0.4814,0.4601,0.4746,389318737.0
159,2024-06-15,0.4746,0.5053,0.474,0.4908,176444562.0
160,2024-06-16,0.4908,0.4997,0.4878,0.4891,161562815.0
161,2024-06-17,0.4891,0.5213,0.4838,0.5047,584945066.0
162,2024-06-18,0.5048,0.5096,0.469,0.491,582727016.0
163,2024-06-19,0.4909,0.4996,0.4868,0.4933,260612342.0
164,2024-06-20,0.4933,0.5023,0.4883,0.4888,324974220.0
165,2024-06-21,0.4888,0.4959,0.4797,0.4889,336098409.0
166,2024-06-22,0.489,0.4897,0.4841,0.4866,79168277.0
167,2024-06-23,0.4867,0.4892,0.4742,0.4797,95099780.0
168,2024-06-24,0.4798,0.4825,0.462,0.474,385123013.0
169,2024-06-25,0.4741,0.4802,0.4731,0.4757,226045665.0
170,2024-06-26,0.4758,0.4783,0.4652,0.4698,243409484.0
171,2024-06-27,0.4697,0.4771,0.4657,0.4753,243549420.0
172,2024-06-28,0.4753,0.4811,0.4692,0.4716,264186218.0
173,2024-06-29,0.4716,0.4768,0.4716,0.4727,57959490.0
174,2024-06-30,0.4727,0.4784,0.4701,0.4761,82862100.0
175,2024-07-01,0.4761,0.4849,0.4754,0.477,211844474.0
176,2024-07-02,0.4771,0.4889,0.476,0.4853,226194005.0
177,2024-07-03,0.4853,0.4875,0.4611,0.4672,317610313.0
178,2024-07-04,0.4672,0.4697,0.4313,0.4329,436420394.0
179,2024-07-05,0.433,0.4335,0.3823,0.4251,728055932.0
180,2024-07-06,0.4252,0.4497,0.4235,0.4488,168945863.0
181,2024-07-07,0.4489,0.4495,0.4182,0.4195,175785229.0
182,2024-07-08,0.4196,0.4438,0.4032,0.4316,528743623.0
183,2024-07-09,0.4316,0.4398,0.427,0.4356,289512370.0
184,2024-07-10,0.4357,0.4426,0.431,0.4388,294639692.0
185,2024-07-11,0.4388,0.4573,0.4363,0.4491,347547669.0
186,2024-07-12,0.4491,0.478,0.4445,0.4745,472984849.0
187,2024-07-13,0.4745,0.5661,0.4737,0.5257,744327354.0
188,2024-07-14,0.5257,0.54,0.5136,0.5205,350964405.0
189,2024-07-15,0.5205,0.5404,0.5203,0.5372,437376565.0
190,2024-07-16,0.5372,0.5945,0.5309,0.5793,824632586.0
191,2024-07-17,0.5792,0.6378,0.5783,0.626,806805412.0
192,2024-07-18,0.626,0.6369,0.5575,0.5697,660623865.0
193,2024-07-19,0.5697,0.5867,0.54,0.5733,539155049.0
194,2024-07-20,0.5733,0.6047,0.5707,0.5937,300097994.0
195,2024-07-21,0.5938,0.608,0.5721,0.5984,291988877.0
196,2024-07-22,0.5985,0.6229,0.5855,0.608,412923068.0
197,2024-07-23,0.608,0.617,0.5797,0.5975,353756166.0
198,2024-07-24,0.5976,0.6327,0.5915,0.6179,420617643.0
199,2024-07-25,0.6179,0.629,0.5844,0.5996,485187006.0
200,2024-07-26,0.5996,0.6093,0.586,0.6034,268729317.0
201,2024-07-27,0.6033,0.6091,0.5833,0.5956,172975781.0
202,2024-07-28,0.5956,0.6161,0.591,0.6012,182173334.0
203,2024-07-29,0.6012,0.6124,0.5921,0.6019,235245176.0
204,2024-07-30,0.6019,0.6379,0.5953,0.6277,431409390.0
205,2024-07-31,0.6278,0.6586,0.6217,0.623,473184106.0
206,2024-08-01,0.623,0.6303,0.568,0.5964,423266147.0
207,2024-08-02,0.5965,0.597,0.5464,0.5607,410967898.0
208,2024-08-03,0.5606,0.5777,0.5406,0.5558,265483095.0
209,2024-08-04,0.5558,0.559,0.5136,0.5228,240108087.0
210,2024-08-05,0.5229,0.5257,0.4319,0.4889,1250454532.0
211,2024-08-06,0.4889,0.5188,0.4877,0.5062,410337831.0
212,2024-08-07,0.5062,0.6434,0.4922,0.6002,1000802326.0
213,2024-08-08,0.6003,0.6424,0.5785,0.6166,730482227.0
214,2024-08-09,0.6166,0.6245,0.5656,0.5805,456932445.0
215,2024-08-10,0.5805,0.6022,0.5779,0.5841,213745629.0
216,2024-08-11,0.5841,0.5935,0.5452,0.5528,251097812.0
217,2024-08-12,0.5528,0.5795,0.5501,0.5684,355253164.0
218,2024-08-13,0.5683,0.5834,0.5626,0.577,252380249.0
219,2024-08-14,0.577,0.5828,0.5641,0.5687,253532158.0
220,2024-08-15,0.5687,0.5742,0.5504,0.5607,267098570.0
221,2024-08-16,0.5608,0.5723,0.5535,0.5638,234628410.0
222,2024-08-17,0.5637,0.571,0.5611,0.5665,68057519.0
223,2024-08-18,0.5664,0.5845,0.5625,0.5631,119904362.0
224,2024-08-19,0.5631,0.6091,0.5608,0.5985,387069502.0
225,2024-08-20,0.5984,0.615,0.5875,0.5937,276882583.0
226,2024-08-21,0.5937,0.6056,0.584,0.5999,274275573.0
227,2024-08-22,0.6,0.6049,0.5923,0.5976,207559419.0
228,2024-08-23,0.5977,0.616,0.5909,0.6109,297079009.0
229,2024-08-24,0.6109,0.631,0.6043,0.6127,242435317.0
230,2024-08-25,0.6126,0.614,0.595,0.6,163663049.0
231,2024-08-26,0.6,0.6021,0.5782,0.5874,236874640.0
232,2024-08-27,0.5873,0.6003,0.5528,0.5666,331644513.0
233,2024-08-28,0.5667,0.5845,0.5558,0.5693,312994647.0
234,2024-08-29,0.5692,0.577,0.5573,0.5619,209040650.0
235,2024-08-30,0.5618,0.5678,0.5462,0.5667,258840588.0
236,2024-08-31,0.5667,0.5721,0.5624,0.5662,67155202.0
237,2024-09-01,0.5662,0.5667,0.5434,0.5472,121191438.0
238,2024-09-02,0.5471,0.5688,0.5443,0.5677,174750033.0
239,2024-09-03,0.5677,0.5724,0.5565,0.5572,179781483.0
240,2024-09-04,0.5572,0.5648,0.5326,0.5579,272577067.0
241,2024-09-05,0.5579,0.5598,0.5399,0.5444,213816210.0
242,2024-09-06,0.5445,0.5473,0.5026,0.5211,382035412.0
243,2024-09-07,0.5211,0.5329,0.5197,0.5248,82924642.0
244,2024-09-08,0.5249,0.5316,0.5208,0.5295,67909459.0
245,2024-09-09,0.5295,0.5431,0.5269,0.5395,168358952.0
246,2024-09-10,0.5395,0.5428,0.5337,0.5408,135693250.0
247,2024-09-11,0.5407,0.5413,0.5231,0.5348,187554599.0
248,2024-09-12,0.5347,0.5884,0.5334,0.5626,380827353.0
249,2024-09-13,0.5625,0.5745,0.5556,0.5728,270151559.0
250,2024-09-14,0.5727,0.5992,0.5704,0.5956,231500545.0
251,2024-09-15,0.5956,0.5958,0.5686,0.5706,126437096.0
252,2024-09-16,0.5706,0.5916,0.5598,0.5866,247830927.0
253,2024-09-17,0.5865,0.5934,0.5789,0.5839,173044465.0
254,2024-09-18,0.5838,0.5858,0.562,0.5852,204818640.0
255,2024-09-19,0.5852,0.5945,0.581,0.5868,222336927.0
256,2024-09-20,0.5868,0.593,0.5763,0.5851,217408757.0
257,2024-09-21,0.5851,0.6128,0.58,0.5976,144964801.0
258,2024-09-22,0.5977,0.6053,0.5778,0.5871,120373196.0
259,2024-09-23,0.5871,0.596,0.5787,0.5847,161038706.0
260,2024-09-24,0.5848,0.5927,0.5814,0.5911,169233403.0
261,2024-09-25,0.5912,0.5957,0.5824,0.5831,179932001.0
262,2024-09-26,0.5831,0.5964,0.5739,0.5905,226481301.0
263,2024-09-27,0.5905,0.5972,0.5824,0.5888,222819497.0
264,2024-09-28,0.5889,0.6259,0.5856,0.6138,442520365.0
265,2024-09-29,0.6139,0.6649,0.6076,0.6412,442349596.0
266,2024-09-30,0.6412,0.6548,0.6088,0.6114,396654376.0
267,2024-10-01,0.6114,0.6342,0.5778,0.5967,579510147.0
268,2024-10-02,0.5968,0.6069,0.5267,0.5383,634074670.0
269,2024-10-03,0.5383,0.5445,0.5068,0.5217,562879573.0
270,2024-10-04,0.5218,0.539,0.51,0.534,341840613.0
271,2024-10-05,0.534,0.5352,0.526,0.5294,107009165.0
272,2024-10-06,0.5294,0.5372,0.5279,0.5336,90314821.0
273,2024-10-07,0.5336,0.5459,0.5286,0.5286,246483895.0
274,2024-10-08,0.5287,0.5358,0.5209,0.531,164201090.0
275,2024-10-09,0.531,0.5346,0.521,0.5245,169687079.0
276,2024-10-10,0.5245,0.545,0.5228,0.5305,267008101.0
277,2024-10-11,0.5305,0.5419,0.5296,0.5388,196729073.0
278,2024-10-12,0.5387,0.5432,0.5353,0.5393,83887179.0
279,2024-10-13,0.5393,0.5395,0.5252,0.5321,94059459.0
280,2024-10-14,0.5321,0.5524,0.5282,0.5483,219397937.0
281,2024-10-15,0.5484,0.5556,0.5315,0.5417,283568637.0
282,2024-10-16,0.5417,0.5538,0.5375,0.5482,222285502.0
283,2024-10-17,0.5481,0.5666,0.5419,0.5441,312103613.0
284,2024-10-18,0.5441,0.5532,0.5397,0.5465,219767509.0
285,2024-10-19,0.5465,0.55,0.5406,0.544,90144479.0
286,2024-10-20,0.544,0.549,0.5366,0.5482,117461950.0
287,2024-10-21,0.5482,0.5608,0.5409,0.5449,283328526.0
288,2024-10-22,0.5449,0.5498,0.5291,0.5339,250206589.0
289,2024-10-23,0.5338,0.5341,0.5117,0.5258,211146628.0
290,2024-10-24,0.5259,0.5338,0.5241,0.532,195840193.0
291,2024-10-25,0.532,0.5322,0.486,0.5022,350905027.0
292,2024-10-26,0.5022,0.5154,0.4989,0.5134,121828009.0
293,2024-10-27,0.5135,0.518,0.5108,0.5168,65734998.0
294,2024-10-28,0.5168,0.5217,0.5113,0.5195,159504690.0
295,2024-10-29,0.5195,0.5305,0.5185,0.5284,220863830.0
296,2024-10-30,0.5285,0.5285,0.5194,0.5229,177555669.0
297,2024-10-31,0.5229,0.5238,0.5031,0.5095,195063825.0
298,2024-11-01,0.5096,0.5244,0.5025,0.5131,277144347.0
299,2024-11-02,0.513,0.516,0.5063,0.5103,68679320.0
300,2024-11-03,0.5103,0.5111,0.4917,0.503,176012483.0
301,2024-11-04,0.503,0.5147,0.4957,0.5035,211259474.0
302,2024-11-05,0.5035,0.5191,0.5019,0.514,190711816.0
303,2024-11-06,0.514,0.5469,0.514,0.5418,452294069.0
304,2024-11-07,0.5418,0.5785,0.5377,0.5556,348528218.0
305,2024-11-08,0.5556,0.56,0.5413,0.5537,261155203.0
306,2024-11-09,0.5537,0.562,0.5436,0.5593,230978970.0
307,2024-11-10,0.5592,0.6187,0.5555,0.5884,712821995.0
308,2024-11-11,0.5885,0.633,0.5703,0.6207,661084405.0
309,2024-11-12,0.6208,0.7398,0.5968,0.704,1776854012.0
310,2024-11-13,0.7042,0.748,0.64,0.6898,1208545721.0
311,2024-11-14,0.6897,0.8473,0.6822,0.7736,1349353792.0
312,2024-11-15,0.7736,0.9279,0.7704,0.8922,1413430891.0
313,2024-11-16,0.8921,1.2698,0.8778,1.1209,2373030780.0
314,2024-11-17,1.1208,1.1603,1.0026,1.0543,1245814358.0
315,2024-11-18,1.0545,1.1865,1.0543,1.1137,941344489.0
316,2024-11-19,1.1138,1.148,1.0688,1.1003,562678894.0
317,2024-11-20,1.1004,1.151,1.0556,1.1041,609804658.0
318,2024-11-21,1.1042,1.2643,1.0774,1.247,1050788977.0
319,2024-11-22,1.2471,1.5,1.247,1.4726,1597772473.98
320,2024-11-23,1.4726,1.63,1.4033,1.4685,1243933645.71
321,2024-11-24,1.4686,1.513,1.2775,1.4331,960628070.0
322,2024-11-25,1.4334,1.5393,1.355,1.4142,912385354.0
323,2024-11-26,1.4142,1.4588,1.2833,1.3984,777417208.0
324,2024-11-27,1.3984,1.5217,1.3524,1.4696,594887636.0
325,2024-11-28,1.4696,1.5465,1.4292,1.5421,440541778.0
326,2024-11-29,1.542,1.8149,1.5233,1.8006,1055874162.77
327,2024-11-30,1.8005,1.9575,1.7635,1.9513,1118556534.97
328,2024-12-01,1.9514,2.35,1.8475,2.2937,1171510986.43
329,2024-12-02,2.2937,2.8723,2.2011,2.7245,2543716698.49
330,2024-12-03,2.7244,2.9092,2.25,2.5102,1955605237.21
331,2024-12-04,2.5103,2.68,2.28,2.3574,1127878148.0
332,2024-12-05,2.3574,2.4942,2.1743,2.2446,1095218093.0
333,2024-12-06,2.2445,2.4637,2.2252,2.4257,671195786.0
334,2024-12-07,2.4257,2.6196,2.384,2.6099,541326545.0
335,2024-12-08,2.6099,2.6469,2.4843,2.6013,456273582.0
336,2024-12-09,2.6013,2.6076,2.0012,2.2124,991793616.0
337,2024-12-10,2.2124,2.42,1.9,2.3709,1376683984.0
338,2024-12-11,2.3708,2.4703,2.2303,2.3941,696138801.0
339,2024-12-12,2.3942,2.484,2.308,2.3384,528351934.0
340,2024-12-13,2.3385,2.4788,2.284,2.4217,468083967.0
341,2024-12-14,2.4218,2.5319,2.3548,2.4005,347447120.0
342,2024-12-15,2.4006,2.473,2.3677,2.4469,275970977.0
343,2024-12-16,2.447,2.5872,2.3333,2.4841,603893921.0
344,2024-12-17,2.4842,2.7281,2.4401,2.5673,745688394.0
345,2024-12-18,2.5672,2.5921,2.2478,2.3103,759860891.0
346,2024-12-19,2.3102,2.4317,2.1595,2.239,811210695.0
347,2024-12-20,2.2391,2.355,1.9601,2.2793,1110347016.0
348,2024-12-21,2.2793,2.3858,2.1915,2.238,451599864.0
349,2024-12-22,2.2379,2.2938,2.1604,2.2031,310318499.0
350,2024-12-23,2.2032,2.2789,2.1308,2.2617,388820902.0
351,2024-12-24,2.2616,2.3507,2.2138,2.3238,249021066.0
352,2024-12-25,2.3238,2.3325,2.2615,2.2973,162014998.0
353,2024-12-26,2.2973,2.3164,2.1277,2.1559,266397920.0
354,2024-12-27,2.1559,2.2379,2.1149,2.1466,254236575.0
355,2024-12-28,2.1467,2.2076,2.1343,2.1843,106144470.0
356,2024-12-29,2.1843,2.1976,2.0711,2.0942,129587392.0
357,2024-12-30,2.0941,2.1526,1.9954,2.0587,326304793.0
358,2024-12-31,2.0587,2.1491,2.0126,2.0836,202867597.0
359,2025-01-01,2.0836,2.3545,2.0811,2.3328,340770274.0
360,2025-01-02,2.3329,2.4522,2.3297,2.4024,361196381.0
361,2025-01-03,2.4024,2.4798,2.3966,2.4547,233672728.0
362,2025-01-04,2.4546,2.509,2.3999,2.4201,179793926.0
363,2025-01-05,2.4201,2.4285,2.3273,2.3994,155537860.0
364,2025-01-06,2.3993,2.4584,2.3674,2.4107,187720529.0
